cellTime,cell,time,none,global,local,blot,cross,z,x,y,size,gweight
ABa:1,ABa,1,11735,-13265,504,504,11735,33.0,500,386,74,1474012
ABal:2,ABal,2,12193,-12807,698,698,12193,34.4,504,371,78,3357420
ABala:9,ABala,9,12521,-12478,805,805,12521,32.9,554,357,67,2369744
ABalaa:20,ABalaa,20,12073,-12926,153,152,12073,24.0,553,389,58,1489608
ABalaaa:37,ABalaaa,37,11984,-13015,-37,-38,11984,29.9,566,395,52,1339581
ABalaaaa:57,ABalaaaa,57,11483,-13516,-29,-30,11483,24.4,565,369,45,774547
ABalaaaal:85,ABalaaaal,85,11267,-13732,-41,-40,11267,30.1,531,393,39,795763
ABalaaaala:117,ABalaaaala,117,11198,-13801,-39,-31,11198,22.2,523,409,34,624920
ABalaaaalp:117,ABalaaaalp,117,11198,-13801,-82,-77,11198,20.5,476,408,34,571212
ABalaaaar:85,ABalaaaar,85,11299,-13700,-4,-2,11299,27.4,580,379,39,836382
ABalaaaarl:119,ABalaaaarl,119,11246,-13753,-38,-32,11246,25.6,561,390,34,569814
ABalaaaarr:119,ABalaaaarr,119,11274,-13725,-10,5,11274,25.2,586,336,34,602769
ABalaaap:57,ABalaaap,57,11548,-13451,-76,-79,11548,28.1,560,327,45,738349
ABalaaapa:79,ABalaaapa,79,11332,-13667,-3,0,11332,35.3,581,351,39,765793
ABalaaapal:111,ABalaaapal,111,11278,-13721,20,23,11278,30.0,536,416,36,744462
ABalaaapar:111,ABalaaapar,111,10895,-13271,-20,3,10895,34.3,574,386,34,596337
ABalaaapp:79,ABalaaapp,79,11288,-13711,-68,-68,11288,35.0,566,304,38,717740
ABalaaappl:110,ABalaaappl,110,11329,-13670,41,49,11329,34.8,589,348,31,514832
ABalaaappr:110,ABalaaappr,110,11303,-13696,25,34,11303,29.3,598,302,36,698005
ABalaap:37,ABalaap,37,11873,-13126,-100,-86,11873,22.2,496,386,52,1037875
ABalaapa:58,ABalaapa,58,11422,-13577,-69,-69,11422,24.1,527,298,43,627493
ABalaapaa:86,ABalaapaa,86,11216,-13783,-66,-67,11216,24.9,590,288,37,724554
ABalaapaaa:119,ABalaapaaa,119,11233,-13766,0,4,11233,18.5,590,287,32,476786
ABalaapaap:119,ABalaapaap,119,11180,-13819,-19,-13,11180,14.0,564,243,32,446949
ABalaapap:86,ABalaapap,86,11243,-13756,-67,-66,11243,25.9,573,248,37,721613
ABalaapapa:121,ABalaapapa,121,10137,-12362,30,41,10137,17.6,569,223,30,407334
ABalaapapp:121,ABalaapapp,121,11254,-13745,-17,-10,11254,23.1,566,198,34,562317
ABalaapp:58,ABalaapp,58,11436,-13563,-80,-81,11436,25.2,471,268,44,466483
ABalaappa:80,ABalaappa,80,11302,-13697,-38,-34,11302,32.8,561,265,38,768645
ABalaappaa:115,ABalaappaa,115,11324,-13675,27,20,11324,24.8,582,276,31,520499
ABalaappap:115,ABalaappap,115,11288,-13711,-53,-59,11288,27.1,566,256,33,565533
ABalaappp:80,ABalaappp,80,11303,-13696,-80,-79,11303,39.2,533,253,40,774902
ABalaapppa:110,ABalaapppa,110,11275,-13724,-26,-24,11275,35.5,593,283,36,747991
ABalaapppp:110,ABalaapppp,110,11293,-13706,-22,-25,11293,39.5,571,261,37,767112
ABalap:20,ABalap,20,12321,-12679,212,210,12321,40.7,554,326,60,2232672
ABalapa:36,ABalapa,36,12206,-12793,8,7,12206,40.0,568,322,52,1542009
ABalapaa:55,ABalapaa,55,11735,-13264,-8,-9,11735,36.2,580,306,46,906011
ABalapaaa:80,ABalapaaa,80,11356,-13643,-8,-6,11356,42.5,551,363,37,694936
ABalapaaaa:113,ABalapaaaa,113,11275,-13724,-8,-8,11275,37.0,541,410,32,516134
ABalapaaap:113,ABalapaaap,113,11274,-13725,-7,-1,11274,42.7,515,410,34,549463
ABalapaap:80,ABalapaap,80,11350,-13649,-49,-57,11350,42.6,514,380,38,702561
ABalapaapa:112,ABalapaapa,112,11246,-13753,-71,-73,11246,35.4,497,419,33,572701
ABalapaapp:112,ABalapaapp,112,11278,-13721,-20,-26,11278,40.4,471,416,34,602661
ABalapap:55,ABalapap,55,11754,-13245,-58,-63,11754,43.2,549,273,45,870689
ABalapapa:78,ABalapapa,78,11365,-13634,-26,-28,11365,48.0,502,356,37,726919
ABalapapaa:113,ABalapapaa,113,11344,-13655,40,51,11344,48.3,528,367,31,506925
ABalapapap:113,ABalapapap,113,11361,-13638,18,13,11361,46.9,493,380,36,635647
ABalapapp:78,ABalapapp,78,11327,-13672,-70,-72,11327,47.3,444,322,39,662365
ABalapappa:108,ABalapappa,108,11250,-13749,-85,-88,11250,44.9,455,374,33,511919
ABalapappp:108,ABalapappp,108,11323,-13676,-48,-56,11323,48.8,420,333,33,499399
ABalapp:36,ABalapp,36,11966,-13034,-43,-43,11966,32.2,479,318,52,959601
ABalappa:56,ABalappa,56,11657,-13342,-8,-9,11657,38.1,513,273,44,763331
ABalappaa:82,ABalappaa,82,11353,-13646,-10,-8,11353,43.4,554,336,36,700659
ABalappaaa:122,ABalappaaa,122,11263,-13736,-38,-24,11263,40.3,572,375,30,460622
ABalappaap:122,ABalappaap,122,11307,-13692,-34,-29,11307,43.5,550,372,34,589450
ABalappap:82,ABalappap,82,11315,-13684,-72,-77,11315,45.1,533,298,37,684171
ABalappapa:113,ABalappapa,113,11316,-13683,-4,2,11316,39.9,592,329,32,529031
ABalappapp:113,ABalappapp,113,11320,-13679,-20,-15,11320,42.3,583,295,32,490990
ABalappp:56,ABalappp,56,11601,-13398,-39,-39,11601,35.3,455,230,45,623472
ABalapppa:78,ABalapppa,78,11340,-13659,-67,-67,11340,46.0,511,252,39,739501
ABalapppaa:108,ABalapppaa,108,11307,-13692,-49,-49,11307,43.2,555,320,31,461121
ABalapppap:108,ABalapppap,108,11308,-13691,-57,-68,11308,46.2,533,292,34,528798
ABalapppp:78,ABalapppp,78,11331,-13668,-89,-85,11331,43.1,457,223,40,664551
ABalappppa:107,ABalappppa,107,11298,-13701,-65,-76,11298,42.9,527,258,34,531850
ABalappppp:107,ABalappppp,107,11265,-13734,-125,-131,11265,45.6,497,225,32,440665
ABalp:9,ABalp,9,12334,-12665,584,584,12334,35.9,436,382,66,2163029
ABalpa:20,ABalpa,20,12511,-12488,441,441,12511,36.2,465,413,58,1856452
ABalpaa:36,ABalpaa,36,12095,-12904,-92,-92,12095,44.5,494,406,54,1699725
ABalpaaa:55,ABalpaaa,55,11577,-13422,-49,-50,11577,25.6,541,411,43,665367
ABalpaaaa:82,ABalpaaaa,82,11176,-13823,-66,-65,11176,10.9,536,355,38,522404
ABalpaaaaa:116,ABalpaaaaa,116,11113,-13886,-75,-78,11113,7.4,518,355,34,455983
ABalpaaaap:116,ABalpaaaap,116,11160,-13839,-10,-1,11160,4.7,486,324,30,330411
ABalpaaap:82,ABalpaaap,82,11108,-13891,-121,-127,11108,13.9,495,371,36,455815
ABalpaaapa:115,ABalpaaapa,115,11136,-13863,-78,-85,11136,11.3,479,338,32,418883
ABalpaaapp:115,ABalpaaapp,115,11173,-13826,-62,-64,11173,17.1,448,327,32,411719
ABalpaap:55,ABalpaap,55,11701,-13298,-152,-152,11701,37.4,525,381,46,913442
ABalpaapa:77,ABalpaapa,77,11313,-13687,-70,-72,11313,26.7,541,394,41,686373
ABalpaapaa:103,ABalpaapaa,103,11259,-13740,-44,-56,11259,20.1,541,376,34,589484
ABalpaapap:103,ABalpaapap,103,11205,-13794,-56,-65,11205,16.0,504,366,37,575727
ABalpaapapa:135,ABalpaapapa,135,11345,-13654,-4,-35,11345,19.1,522,355,29,366414
ABalpaapapp:135,ABalpaapapp,135,11237,-13763,-126,-136,11237,21.0,470,327,31,397964
ABalpaapp:77,ABalpaapp,77,11236,-13763,-80,-78,11236,24.4,477,372,39,572952
ABalpaappa:108,ABalpaappa,108,11168,-13831,4,5,11168,12.1,485,388,33,487171
ABalpaappp:108,ABalpaappp,108,11151,-13848,-86,-98,11151,16.6,455,374,34,531771
ABalpap:36,ABalpap,36,12032,-12967,-117,-117,12032,36.0,401,399,52,1366919
ABalpapa:54,ABalpapa,54,11663,-13336,-78,-79,11663,28.7,480,425,45,745597
ABalpapaa:77,ABalpapaa,77,11178,-13822,-35,-37,11178,11.5,479,371,39,390445
ABalpapaaa:108,ABalpapaaa,108,11137,-13862,-3,-2,11137,6.0,454,347,34,376012
ABalpapaap:108,ABalpapaap,108,11178,-13821,38,24,11178,10.4,421,322,30,309722
ABalpapap:77,ABalpapap,77,11136,-13863,-39,-42,11136,9.4,436,353,39,331000
ABalpapapa:108,ABalpapapa,108,11082,-13917,-39,-39,11082,6.9,397,338,37,427115
ABalpapapp:108,ABalpapapp,108,11083,-13916,-26,-24,11083,5.5,357,313,33,296649
ABalpapp:54,ABalpapp,54,11628,-13371,-114,-109,11628,27.0,400,395,45,614091
ABalpappa:75,ABalpappa,75,11102,-13897,-60,-60,11102,6.7,441,322,40,282849
ABalpappaa:104,ABalpappaa,104,11064,-13935,-57,-59,11064,6.9,440,302,31,299397
ABalpappap:104,ABalpappap,104,11070,-13929,-29,-31,11070,9.3,404,277,34,322797
ABalpappp:75,ABalpappp,75,11148,-13851,-37,-36,11148,8.9,388,303,41,262425
ABalpapppa:102,ABalpapppa,102,10845,-13513,-89,-94,10845,16.6,417,302,34,474189
ABalpapppp:102,ABalpapppp,102,11106,-13893,-85,-79,11106,17.2,377,273,37,427261
ABalpappppa:136,ABalpappppa,136,11102,-13898,-150,-193,11102,18.2,417,280,31,381889
ABalpappppp:136,ABalpappppp,136,11316,-13683,3,11,11316,20.2,377,256,30,289112
ABalpp:20,ABalpp,20,12546,-12453,446,447,12546,44.6,376,358,59,2141368
ABalppa:37,ABalppa,37,12348,-12652,136,133,12348,50.3,386,364,52,1601914
ABalppaa:55,ABalppaa,55,11834,-13165,110,109,11834,41.4,489,419,44,845429
ABalppaaa:81,ABalppaaa,81,11253,-13746,-18,-1,11253,27.7,481,418,36,574774
ABalppaaaa:116,ABalppaaaa,116,10357,-12642,5,18,10357,24.5,505,422,31,472695
ABalppaaap:116,ABalppaaap,116,11273,-13726,7,15,11273,27.5,479,430,33,542639
ABalppaap:81,ABalppaap,81,11252,-13747,-2,2,11252,24.6,438,419,37,518728
ABalppaapa:113,ABalppaapa,113,11247,-13752,-1,-1,11247,22.7,440,417,32,499404
ABalppaapp:113,ABalppaapp,113,11215,-13784,5,14,11215,22.5,410,413,34,519949
ABalppap:55,ABalppap,55,11753,-13246,-11,-11,11753,36.7,448,380,45,735032
ABalppapa:78,ABalppapa,78,11184,-13815,-48,-50,11184,18.2,432,385,37,413738
ABalppapaa:108,ABalppapaa,108,11089,-13910,-40,-34,11089,13.1,438,391,33,473338
ABalppapap:108,ABalppapap,108,11089,-13910,-34,-22,11089,12.2,398,380,33,405770
ABalppapp:78,ABalppapp,78,11154,-13845,-77,-72,11154,17.3,398,345,39,372404
ABalppappa:107,ABalppappa,107,11174,-13825,-44,-54,11174,16.8,409,360,33,455435
ABalppappp:107,ABalppappp,107,11131,-13868,-70,-64,11131,15.6,369,337,36,523786
ABalppp:37,ABalppp,37,12227,-12772,97,97,12227,38.7,320,333,53,1341182
ABalpppa:55,ABalpppa,55,11669,-13330,-45,-43,11669,37.6,436,345,45,742269
ABalpppaa:80,ABalpppaa,80,11303,-13696,-62,-71,11303,37.8,471,392,38,709677
ABalpppaaa:114,ABalpppaaa,114,11254,-13745,-12,0,11254,31.1,449,433,33,572942
ABalpppaap:114,ABalpppaap,114,11215,-13784,-52,-53,11215,39.0,433,428,32,515488
ABalpppap:80,ABalpppap,80,11308,-13691,-71,-77,11308,38.5,424,393,38,686534
ABalpppapa:109,ABalpppapa,109,11294,-13706,26,27,11294,31.1,415,415,36,714820
ABalpppapp:109,ABalpppapp,109,11229,-13771,-31,-29,11229,38.3,383,406,32,487647
ABalpppp:55,ABalpppp,55,11688,-13311,-67,-68,11688,38.8,371,313,47,742319
ABalppppa:77,ABalppppa,77,11287,-13712,-103,-109,11287,39.8,423,349,38,648756
ABalppppaa:108,ABalppppaa,108,11240,-13759,-80,-95,11240,36.3,433,390,33,556172
ABalppppap:108,ABalppppap,108,11286,-13713,-27,-38,11286,43.2,410,373,34,635200
ABalppppp:77,ABalppppp,77,11295,-13704,-96,-104,11295,40.0,364,336,40,645711
ABalpppppa:103,ABalpppppa,103,11225,-13774,-93,-100,11225,37.5,385,367,32,487981
ABalpppppp:103,ABalpppppp,103,11224,-13775,-111,-112,11224,40.2,343,349,36,587685
ABalppppppa:135,ABalppppppa,135,11263,-13736,-166,-194,11263,39.5,385,355,29,353444
ABalppppppp:135,ABalppppppp,135,11292,-13708,-158,-169,11292,44.0,344,357,31,392850
ABar:2,ABar,2,12099,-12900,646,646,12099,32.5,498,203,78,3187078
ABara:9,ABara,9,11816,-13183,268,268,11816,17.7,502,237,65,1103522
ABaraa:20,ABaraa,20,11870,-13129,62,62,11870,15.3,534,291,58,959580
ABaraaa:36,ABaraaa,36,11903,-13096,-56,-56,11903,20.2,568,323,52,1057360
ABaraaaa:55,ABaraaaa,55,11515,-13484,-46,-45,11515,15.7,560,335,43,541614
ABaraaaaa:81,ABaraaaaa,81,11281,-13718,-41,-40,11281,21.8,584,346,38,666652
ABaraaaaaa:114,ABaraaaaaa,114,11217,-13782,-19,-17,11217,16.7,565,369,34,526868
ABaraaaaap:114,ABaraaaaap,114,11188,-13811,-82,-89,11188,17.4,569,315,32,506560
ABaraaaap:81,ABaraaaap,81,11198,-13801,-109,-114,11198,19.7,549,329,36,559712
ABaraaaapa:117,ABaraaaapa,117,11272,-13727,-71,-79,11272,26.1,561,344,34,600806
ABaraaaapp:117,ABaraaaapp,117,11319,-13680,-90,-76,11319,33.0,515,342,32,505981
ABaraaap:55,ABaraaap,55,11548,-13451,-55,-58,11548,17.3,544,269,45,477547
ABaraaapa:78,ABaraaapa,78,11232,-13767,-52,-57,11232,15.5,569,291,40,535621
ABaraaapaa:106,ABaraaapaa,106,11199,-13800,-70,-83,11199,15.0,556,330,34,528687
ABaraaapap:106,ABaraaapap,106,11162,-13837,-88,-108,11162,14.9,525,295,35,479420
ABaraaapp:78,ABaraaapp,78,11202,-13797,-47,-45,11202,13.7,547,242,37,482494
ABaraaappa:111,ABaraaappa,111,11172,-13827,-11,-10,11172,11.6,565,288,33,482273
ABaraaappp:111,ABaraaappp,111,11195,-13804,-1,-7,11195,10.2,538,262,31,384534
ABaraap:36,ABaraap,36,11800,-13199,-24,-24,11800,9.0,492,306,51,525880
ABaraapa:55,ABaraapa,55,11518,-13481,-30,-29,11518,8.0,508,320,45,382047
ABaraapaa:78,ABaraapaa,78,11223,-13776,-28,-33,11223,14.4,521,339,38,498793
ABaraapaaa:109,ABaraapaaa,109,11178,-13822,-93,-118,11178,19.9,525,335,32,508340
ABaraapaap:109,ABaraapaap,109,11198,-13801,-72,-88,11198,25.5,497,327,34,565080
ABaraapap:78,ABaraapap,78,11166,-13833,-42,-38,11166,13.9,478,316,38,385770
ABaraapapa:108,ABaraapapa,108,11171,-13828,-87,-93,11171,25.2,467,318,37,635160
ABaraapapp:108,ABaraapapp,108,11155,-13844,-160,-150,11155,27.3,434,301,34,512056
ABaraapp:55,ABaraapp,55,11469,-13530,-34,-31,11469,6.7,439,293,44,239162
ABaraappa:77,ABaraappa,77,11186,-13813,-39,-39,11186,14.7,484,284,37,408478
ABaraappaa:108,ABaraappaa,108,11226,-13773,-102,-105,11226,25.3,539,303,33,552375
ABaraappap:108,ABaraappap,108,11187,-13812,-75,-89,11187,26.7,504,282,33,510807
ABaraappp:77,ABaraappp,77,11130,-13869,-48,-50,11130,13.6,440,258,38,346298
ABaraapppa:108,ABaraapppa,108,11174,-13825,-51,-59,11174,23.4,478,263,38,650868
ABaraapppp:108,ABaraapppp,108,11165,-13834,-125,-137,11165,27.7,455,233,34,517606
ABarap:20,ABarap,20,11857,-13142,54,54,11857,16.0,493,198,56,758597
ABarapa:36,ABarapa,36,11938,-13061,30,30,11938,16.0,548,240,52,818691
ABarapaa:54,ABarapaa,54,11518,-13481,5,5,11518,8.7,520,244,44,345125
ABarapaaa:78,ABarapaaa,78,11131,-13868,-52,-55,11131,7.2,521,276,39,454097
ABarapaaaa:113,ABarapaaaa,113,11152,-13847,-12,-17,11152,6.6,509,292,33,424130
ABarapaaap:113,ABarapaaap,113,11106,-13893,3,-3,11106,3.8,474,282,32,359354
ABarapaap:78,ABarapaap,78,11138,-13861,-51,-54,11138,9.1,489,249,37,319410
ABarapaapa:107,ABarapaapa,107,11113,-13886,-75,-83,11113,13.7,504,266,33,472047
ABarapaapp:107,ABarapaapp,107,11103,-13896,-69,-71,11103,14.7,458,279,35,461406
ABarapap:54,ABarapap,54,11478,-13521,-29,-30,11478,7.5,461,206,44,228116
ABarapapa:76,ABarapapa,76,11089,-13910,-63,-67,11089,5.3,472,216,38,286217
ABarapapaa:106,ABarapapaa,106,11027,-13972,-64,-72,11027,7.1,460,260,30,296739
ABarapapap:106,ABarapapap,106,11048,-13951,-29,-32,11048,5.2,416,248,33,260299
ABarapapp:76,ABarapapp,76,11111,-13888,-53,-54,11111,9.8,436,191,38,275599
ABarapappa:104,ABarapappa,104,11130,-13869,-50,-56,11130,14.5,468,234,33,423594
ABarapappp:104,ABarapappp,104,11080,-13919,-56,-55,11080,10.3,413,216,37,388262
ABarapapppa:137,ABarapapppa,137,11254,-13745,-62,-82,11254,13.5,452,229,38,773921
ABarapapppp:137,ABarapapppp,137,11122,-13877,-155,-162,11122,16.7,399,213,34,344654
ABarapp:36,ABarapp,36,11789,-13210,-28,-28,11789,8.5,465,197,49,415944
ABarappa:56,ABarappa,56,11437,-13562,-9,-8,11437,12.1,463,175,42,313427
ABarappaa:81,ABarappaa,81,11186,-13813,25,22,11186,10.2,501,205,37,458144
ABarappaaa:116,ABarappaaa,116,11109,-13890,-37,-38,11109,4.5,492,239,32,364443
ABarappaap:116,ABarappaap,116,11130,-13869,19,17,11130,7.5,460,219,30,305305
ABarappap:81,ABarappap,81,11131,-13868,-34,-33,11131,11.8,476,157,38,456082
ABarappapa:113,ABarappapa,113,11125,-13874,0,-1,11125,6.3,482,179,36,465593
ABarappapp:113,ABarappapp,113,11091,-13908,1,1,11091,5.9,439,158,33,351074
ABarappp:56,ABarappp,56,11441,-13558,-29,-28,11441,15.9,410,157,42,324314
ABarapppa:80,ABarapppa,80,11174,-13825,-44,-48,11174,17.6,508,190,37,547511
ABarapppaa:113,ABarapppaa,113,11111,-13888,-26,-22,11111,7.2,533,232,33,480131
ABarapppap:113,ABarapppap,113,11094,-13905,-62,-64,11094,8.8,498,212,31,390156
ABarapppp:80,ABarapppp,80,11183,-13816,-55,-59,11183,20.4,478,148,40,658101
ABarappppa:112,ABarappppa,112,11151,-13848,7,3,11151,9.7,521,195,33,495344
ABarappppp:112,ABarappppp,112,11191,-13808,9,3,11191,13.2,493,160,37,633917
ABarp:9,ABarp,9,12713,-12286,880,880,12713,41.0,458,160,66,2483470
ABarpa:20,ABarpa,20,12541,-12458,441,437,12541,38.8,523,199,60,2359878
ABarpaa:38,ABarpaa,38,12466,-12533,292,292,12466,37.4,559,236,52,1529718
ABarpaaa:55,ABarpaaa,55,11718,-13281,59,59,11718,37.6,562,242,44,847568
ABarpaaaa:85,ABarpaaaa,85,11408,-13591,-17,-16,11408,53.5,523,323,38,793310
ABarpaaaaa:117,ABarpaaaaa,117,11316,-13683,-24,-19,11316,51.2,536,339,32,527987
ABarpaaaap:117,ABarpaaaap,117,11346,-13653,-59,-72,11346,55.3,502,332,30,448689
ABarpaaap:85,ABarpaaap,85,11373,-13626,-76,-82,11373,55.8,485,290,34,627359
ABarpaaapa:127,ABarpaaapa,127,11326,-13673,-84,-89,11326,51.3,501,300,30,441259
ABarpaaapp:127,ABarpaaapp,127,11367,-13632,-72,-98,11367,57.4,487,279,31,512131
ABarpaap:55,ABarpaap,55,11822,-13177,-29,-27,11822,41.2,524,202,47,922394
ABarpaapa:78,ABarpaapa,78,11351,-13648,-135,-139,11351,55.0,452,268,39,726371
ABarpaapaa:108,ABarpaapaa,108,11356,-13643,-46,-62,11356,52.1,463,272,30,444797
ABarpaapap:108,ABarpaapap,108,11417,-13582,-56,-66,11417,55.3,415,256,36,646636
ABarpaapp:78,ABarpaapp,78,11391,-13608,-127,-127,11391,54.2,402,214,40,758003
ABarpaappa:108,ABarpaappa,108,11415,-13584,-67,-76,11415,55.7,400,215,35,658893
ABarpaappp:108,ABarpaappp,108,11356,-13643,-157,-165,11356,55.7,361,182,35,641734
ABarpap:38,ABarpap,38,12009,-12990,25,24,12009,28.0,475,225,51,844422
ABarpapa:55,ABarpapa,55,11604,-13395,-74,-75,11604,27.8,514,205,43,604389
ABarpapaa:78,ABarpapaa,78,11377,-13622,-75,-83,11377,52.0,533,254,38,765556
ABarpapaaa:112,ABarpapaaa,112,11350,-13649,-32,-31,11350,53.3,548,305,32,499710
ABarpapaap:112,ABarpapaap,112,11403,-13596,-10,-27,11403,53.0,523,269,31,463129
ABarpapap:78,ABarpapap,78,11407,-13592,-67,-81,11407,53.1,488,216,37,672244
ABarpapapa:111,ABarpapapa,111,11374,-13626,-64,-87,11374,54.4,498,253,30,448462
ABarpapapp:111,ABarpapapp,111,11375,-13624,-79,-87,11375,54.3,463,239,31,451782
ABarpapp:55,ABarpapp,55,11568,-13431,-79,-78,11568,30.5,441,167,45,594438
ABarpappa:77,ABarpappa,77,11309,-13690,-142,-148,11309,52.9,467,182,36,673551
ABarpappaa:112,ABarpappaa,112,11351,-13648,-55,-70,11351,55.0,506,213,32,534987
ABarpappap:112,ABarpappap,112,11334,-13665,-59,-55,11334,53.1,487,191,34,628985
ABarpappp:77,ABarpappp,77,11328,-13671,-123,-134,11328,46.3,435,163,38,675490
ABarpapppa:110,ABarpapppa,110,11324,-13675,-68,-80,11324,48.8,463,193,31,457566
ABarpapppp:110,ABarpapppp,110,11328,-13671,-68,-71,11328,49.6,453,146,35,645011
ABarpp:20,ABarpp,20,12672,-12328,546,557,12672,41.6,432,126,60,2256818
ABarppa:38,ABarppa,38,12571,-12428,385,385,12571,44.0,497,169,52,1637997
ABarppaa:56,ABarppaa,56,11923,-13077,163,161,11923,49.8,469,195,45,929512
ABarppaaa:83,ABarppaaa,83,11435,-13564,-37,-47,11435,55.3,383,263,36,682896
ABarppaaaa:121,ABarppaaaa,121,11446,-13554,-75,-88,11446,56.7,365,274,30,442093
ABarppaaap:121,ABarppaaap,121,11440,-13559,-70,-78,11440,55.7,318,258,33,537966
ABarppaap:83,ABarppaap,83,11449,-13550,-28,-30,11449,55.7,332,234,40,814250
ABarppaapa:116,ABarppaapa,116,11440,-13559,-80,-86,11440,56.1,325,211,36,652728
ABarppaapp:116,ABarppaapp,116,11399,-13600,-166,-117,11399,52.9,256,221,31,501510
ABarppap:56,ABarppap,56,11869,-13130,64,83,11869,50.1,401,164,45,925104
ABarppapa:84,ABarppapa,84,11430,-13569,-41,-44,11430,54.1,284,221,38,792862
ABarppapaa:122,ABarppapaa,122,11445,-13554,-69,-73,11445,51.6,267,264,31,492879
ABarppapap:122,ABarppapap,122,11489,-13511,-181,-168,11489,46.5,225,242,33,531950
ABarppapp:84,ABarppapp,84,11648,-13351,33,50,11648,48.3,212,190,39,838669
ABarppappa:124,ABarppappa,124,13876,-11123,2027,2019,13876,46.1,203,205,33,526594
ABarppappp:124,ABarppappp,124,14282,-10717,2369,2364,14282,35.6,164,171,33,536670
ABarppp:38,ABarppp,38,12224,-12775,115,114,12224,35.6,436,135,51,1205239
ABarpppa:57,ABarpppa,57,11787,-13212,80,76,11787,41.2,415,139,45,815254
ABarpppaa:83,ABarpppaa,83,11445,-13554,-95,-103,11445,55.4,416,162,38,797505
ABarpppaaa:117,ABarpppaaa,117,11341,-13658,-135,-147,11341,54.8,443,177,30,459076
ABarpppaap:117,ABarpppaap,117,11396,-13604,-19,-25,11396,52.5,422,132,33,525335
ABarpppap:83,ABarpppap,83,11478,-13521,-49,-57,11478,52.1,380,129,38,751800
ABarpppapa:116,ABarpppapa,116,11494,-13505,-112,-106,11494,56.3,386,137,35,628074
ABarpppapp:116,ABarpppapp,116,11440,-13559,-126,-103,11440,50.9,357,88,32,501408
ABarpppp:57,ABarpppp,57,11743,-13256,-155,-76,11743,42.4,335,119,46,856320
ABarppppa:84,ABarppppa,84,11435,-13564,-86,-67,11435,49.2,353,112,38,762458
ABarppppaa:121,ABarppppaa,121,11434,-13565,15,13,11434,48.4,415,94,33,571253
ABarppppap:121,ABarppppap,121,11497,-13502,-180,-113,11497,43.2,373,65,33,549021
ABarppppp:84,ABarppppp,84,11611,-13388,15,18,11611,45.4,291,79,40,899971
ABarpppppa:121,ABarpppppa,121,13786,-11213,1940,1938,13786,46.5,321,59,34,573895
ABarpppppp:121,ABarpppppp,121,13857,-11142,1973,1974,13857,38.9,267,43,34,568039
ABp:1,ABp,1,12144,-12856,860,860,12144,47.0,384,202,74,2066808
ABpl:2,ABpl,2,12459,-12540,954,954,12459,46.8,354,279,78,4106963
ABpla:9,ABpla,9,12874,-12125,1031,1031,12874,50.0,450,275,67,2920145
ABplaa:20,ABplaa,20,12325,-12674,201,201,12325,49.8,482,308,60,2298499
ABplaaa:35,ABplaaa,35,12074,-12925,-158,-160,12074,52.7,511,314,52,1573119
ABplaaaa:53,ABplaaaa,53,11775,-13224,-30,-29,11775,46.2,557,350,45,929980
ABplaaaaa:76,ABplaaaaa,76,11302,-13697,-57,-55,11302,48.9,501,387,40,797200
ABplaaaaaa:110,ABplaaaaaa,110,11267,-13732,-53,-53,11267,54.2,492,375,33,559186
ABplaaaaap:110,ABplaaaaap,110,11277,-13722,-80,-85,11277,53.5,465,353,32,501875
ABplaaaap:76,ABplaaaap,76,11350,-13649,-80,-88,11350,54.1,471,354,37,691677
ABplaaaapa:111,ABplaaaapa,111,11377,-13622,-24,-34,11377,56.5,462,323,32,520872
ABplaaaapp:111,ABplaaaapp,111,11290,-13709,-92,-100,11290,54.3,432,300,31,499283
ABplaaap:53,ABplaaap,53,11702,-13297,-145,-149,11702,52.0,507,284,45,877777
ABplaaapa:79,ABplaaapa,79,11336,-13663,-114,-124,11336,55.6,440,330,37,735228
ABplaaapaa:114,ABplaaapaa,114,11320,-13679,-109,-111,11320,55.5,419,343,29,454742
ABplaaapap:114,ABplaaapap,114,11314,-13685,-103,-125,11314,55.0,380,334,34,607416
ABplaaapp:79,ABplaaapp,79,11320,-13679,-107,-112,11320,53.5,386,307,38,713377
ABplaaappa:112,ABplaaappa,112,11324,-13675,-117,-140,11324,55.8,362,314,33,583116
ABplaaappp:112,ABplaaappp,112,11340,-13659,-106,-112,11340,55.5,325,291,33,562058
ABplaap:35,ABplaap,35,12025,-12974,-105,-105,12025,45.6,429,313,53,1425393
ABplaapa:53,ABplaapa,53,11717,-13283,-116,-118,11717,51.3,495,355,45,916748
ABplaapaa:78,ABplaapaa,78,11284,-13715,-75,-76,11284,48.0,446,400,40,816022
ABplaapaaa:111,ABplaapaaa,111,11269,-13730,5,10,11269,49.8,456,405,33,589505
ABplaapaap:111,ABplaapaap,111,11261,-13738,-34,-43,11261,51.1,417,383,35,639113
ABplaapap:78,ABplaapap,78,11299,-13700,-111,-119,11299,51.3,394,363,39,744257
ABplaapapa:110,ABplaapapa,110,11245,-13754,-27,-29,11245,47.8,386,385,33,597081
ABplaapapp:110,ABplaapapp,110,11304,-13695,-35,-44,11304,50.0,369,352,36,693809
ABplaapp:53,ABplaapp,53,11741,-13258,-135,-136,11741,49.1,438,296,46,852667
ABplaappa:74,ABplaappa,74,11298,-13701,-91,-94,11298,47.6,362,359,39,748547
ABplaappaa:109,ABplaappaa,109,11201,-13798,-43,-45,11201,43.0,344,386,30,463083
ABplaappap:109,ABplaappap,109,11270,-13729,-38,-45,11270,44.7,312,350,34,581846
ABplaappp:74,ABplaappp,74,11344,-13655,-111,-114,11344,44.6,316,328,42,779405
ABplaapppa:103,ABplaapppa,103,11324,-13675,-56,-61,11324,40.9,284,338,35,614660
ABplaapppp:103,ABplaapppp,103,11318,-13682,-83,-92,11318,39.5,255,311,37,720349
ABplap:20,ABplap,20,12210,-12789,94,95,12210,49.1,416,235,59,2163100
ABplapa:36,ABplapa,36,12253,-12746,58,58,12253,50.9,470,243,53,1595937
ABplapaa:54,ABplapaa,54,11804,-13195,-14,-20,11804,54.1,463,253,43,849610
ABplapaaa:81,ABplapaaa,81,11345,-13654,-79,-82,11345,53.3,338,317,38,724082
ABplapaaaa:113,ABplapaaaa,113,11307,-13692,-64,-73,11307,48.3,321,316,33,509271
ABplapaaap:113,ABplapaaap,113,11384,-13615,-64,-68,11384,49.1,294,286,34,568545
ABplapaap:81,ABplapaap,81,11398,-13601,-15,-19,11398,52.5,293,289,37,711430
ABplapaapa:115,ABplapaapa,115,11364,-13635,-17,-14,11364,48.4,265,296,31,509794
ABplapaapp:115,ABplapaapp,115,11367,-13633,-77,-65,11367,44.1,231,280,33,513408
ABplapap:54,ABplapap,54,11767,-13232,-132,-117,11767,53.1,421,221,45,855515
ABplapapa:76,ABplapapa,76,11329,-13670,-97,-99,11329,52.5,279,259,39,710055
ABplapapaa:107,ABplapapaa,107,11377,-13622,-158,-136,11377,44.4,191,227,35,602232
ABplapapap:107,ABplapapap,107,11361,-13638,-123,-78,11361,37.7,168,212,33,545058
ABplapapp:76,ABplapapp,76,11387,-13612,-109,-108,11387,47.1,219,231,40,733285
ABplapappa:106,ABplapappa,106,11390,-13609,-59,-45,11390,34.4,150,188,34,586769
ABplapappp:106,ABplapappp,106,11371,-13628,-259,-223,11371,27.8,151,163,34,528577
ABplapp:36,ABplapp,36,12197,-12802,47,47,12197,49.8,368,243,53,1538202
ABplappa:54,ABplappa,54,11796,-13203,-26,-33,11796,52.2,368,278,46,917150
ABplappaa:79,ABplappaa,79,11367,-13632,-44,-47,11367,45.2,253,305,40,776812
ABplappaaa:112,ABplappaaa,112,11256,-13743,-70,-65,11256,34.1,225,296,34,555910
ABplappaap:112,ABplappaap,112,11329,-13670,-81,-26,11329,28.2,198,270,34,518562
ABplappap:79,ABplappap,79,11449,-13550,41,34,11449,41.4,216,273,40,799227
ABplappapa:111,ABplappapa,111,13216,-11783,1609,1607,13216,39.4,202,259,33,557449
ABplappapp:111,ABplappapp,111,13275,-11724,1702,1694,13275,31.6,179,238,35,599774
ABplappp:54,ABplappp,54,11779,-13220,-216,-75,11779,50.1,304,244,43,813649
ABplapppa:80,ABplapppa,80,11354,-13645,-36,-45,11354,34.1,192,249,38,712208
ABplapppaa:116,ABplapppaa,116,11292,-13707,-126,-144,11292,19.8,196,240,32,399993
ABplapppap:116,ABplapppap,116,11364,-13635,-131,-151,11364,17.5,182,203,32,351140
ABplapppp:80,ABplapppp,80,11362,-13637,-183,-123,11362,28.3,168,226,39,676928
ABplappppa:115,ABplappppa,115,11258,-13741,-56,-57,11258,21.3,150,190,33,479123
ABplappppp:115,ABplappppp,115,11294,-13705,-219,-187,11294,14.1,171,172,32,352897
ABplp:9,ABplp,9,12629,-12371,784,784,12629,45.8,304,286,62,2353947
ABplpa:21,ABplpa,21,12378,-12621,241,243,12378,48.0,304,310,61,2385120
ABplpaa:37,ABplpaa,37,12052,-12947,-158,-160,12052,52.6,317,315,52,1555282
ABplpaaa:56,ABplpaaa,56,11692,-13307,-93,-95,11692,46.8,429,398,44,877750
ABplpaaaa:78,ABplpaaaa,78,11259,-13740,-63,-64,11259,28.2,413,404,38,598040
ABplpaaaaa:109,ABplpaaaaa,109,11178,-13821,-167,-152,11178,24.0,405,375,34,587168
ABplpaaaap:109,ABplpaaaap,109,11201,-13798,-29,-31,11201,22.4,368,359,35,528435
ABplpaaap:78,ABplpaaap,78,11243,-13756,-45,-45,11243,26.4,367,388,38,584679
ABplpaaapa:108,ABplpaaapa,108,11194,-13805,-1,-7,11194,20.3,350,361,37,669630
ABplpaaapp:108,ABplpaaapp,108,11208,-13791,17,32,11208,24.3,331,369,37,734111
ABplpaap:56,ABplpaap,56,11702,-13297,-100,-100,11702,50.8,387,352,44,825204
ABplpaapa:78,ABplpaapa,78,11338,-13661,-25,-28,11338,35.9,381,395,40,727833
ABplpaapaa:110,ABplpaapaa,110,11212,-13787,-77,-86,11212,29.4,390,392,34,603421
ABplpaapap:110,ABplpaapap,110,11272,-13727,5,0,11272,30.5,356,384,34,640572
ABplpaapp:78,ABplpaapp,78,11304,-13695,-35,-39,11304,35.1,327,369,40,725102
ABplpaappa:109,ABplpaappa,109,11246,-13753,-47,-64,11246,33.5,337,366,36,717208
ABplpaappp:109,ABplpaappp,109,11214,-13785,-82,-87,11214,31.6,305,359,35,639019
ABplpap:37,ABplpap,37,11986,-13013,-144,-142,11986,40.8,248,298,52,1448158
ABplpapa:56,ABplpapa,56,11654,-13345,-48,-47,11654,38.3,360,386,46,847473
ABplpapaa:79,ABplpapaa,79,11183,-13816,4,4,11183,14.1,373,361,38,358663
ABplpapaaa:111,ABplpapaaa,111,11137,-13862,-3,-5,11137,12.6,359,320,32,314146
ABplpapaap:111,ABplpapaap,111,11133,-13866,-76,-89,11133,16.3,331,312,31,312590
ABplpapap:79,ABplpapap,79,11188,-13811,-26,-29,11188,16.6,329,343,38,374812
ABplpapapa:111,ABplpapapa,111,11115,-13884,-40,-33,11115,10.9,316,290,31,231933
ABplpapapp:111,ABplpapapp,111,11121,-13878,-93,-89,11121,8.7,293,263,30,181307
ABplpapp:56,ABplpapp,56,11653,-13346,-109,-109,11653,38.4,299,341,47,852873
ABplpappa:78,ABplpappa,78,11147,-13853,-24,-24,11147,11.2,328,320,41,304028
ABplpappaa:107,ABplpappaa,107,11073,-13926,-43,-43,11073,7.5,358,271,35,230945
ABplpappap:107,ABplpappap,107,11146,-13853,-37,-33,11146,11.0,333,250,31,249919
ABplpappp:78,ABplpappp,78,11192,-13807,-12,-11,11192,10.2,281,284,38,272925
ABplpapppa:113,ABplpapppa,113,11840,-13159,544,538,11840,6.3,324,229,33,211739
ABplpapppp:113,ABplpapppp,113,11928,-13071,370,418,11928,4.7,279,210,33,184630
ABplpp:21,ABplpp,21,12522,-12477,353,354,12522,49.3,249,234,58,2229623
ABplppa:38,ABplppa,38,12300,-12699,34,56,12300,53.5,263,240,52,1565837
ABplppaa:57,ABplppaa,57,11701,-13298,17,12,11701,46.5,330,332,42,744048
ABplppaaa:84,ABplppaaa,84,11190,-13809,-64,-65,11190,25.9,303,343,37,550477
ABplppaaaa:118,ABplppaaaa,118,11152,-13847,-39,-28,11152,19.3,313,339,33,402111
ABplppaaap:118,ABplppaaap,118,11322,-13677,88,82,11322,25.0,288,344,30,443309
ABplppaap:84,ABplppaap,84,11190,-13809,0,4,11190,20.8,270,321,37,471320
ABplppaapa:117,ABplppaapa,117,11155,-13844,-5,-10,11155,13.6,287,304,30,271032
ABplppaapp:117,ABplppaapp,117,11109,-13890,-12,-15,11109,9.6,263,282,31,237452
ABplppap:57,ABplppap,57,11733,-13266,-12,-14,11733,47.7,283,290,43,744477
ABplppapa:81,ABplppapa,81,11309,-13690,-15,-14,11309,31.4,264,313,39,617593
ABplppapaa:113,ABplppapaa,113,11163,-13836,-65,-75,11163,24.2,277,330,33,425274
ABplppapap:113,ABplppapap,113,11161,-13838,-32,-31,11161,22.0,247,313,31,355336
ABplppapp:81,ABplppapp,81,11238,-13761,-140,-146,11238,28.5,223,270,38,564237
ABplppappa:116,ABplppappa,116,11235,-13764,29,24,11235,19.7,234,292,33,388871
ABplppappp:116,ABplppappp,116,11181,-13818,-48,-45,11181,16.0,204,267,33,374279
ABplppp:38,ABplppp,38,12285,-12714,41,42,12285,43.8,197,231,51,1548259
ABplpppa:56,ABplpppa,56,11741,-13258,12,14,11741,43.1,247,305,44,845656
ABplpppaa:80,ABplpppaa,80,11264,-13735,15,15,11264,22.7,231,304,37,488238
ABplpppaaa:113,ABplpppaaa,113,11144,-13855,-9,-11,11144,12.5,234,280,31,288682
ABplpppaap:113,ABplpppaap,113,11245,-13754,-35,-7,11245,10.5,213,249,31,272294
ABplpppap:80,ABplpppap,80,11473,-13526,58,77,11473,20.5,191,261,38,516135
ABplpppapa:115,ABplpppapa,115,12964,-12035,1303,1294,12964,8.4,202,214,34,266406
ABplpppapp:115,ABplpppapp,115,12381,-12618,461,544,12381,8.4,208,175,29,237955
ABplpppp:56,ABplpppp,56,11858,-13141,-96,-53,11858,41.2,200,253,45,849360
ABplppppa:80,ABplppppa,80,11258,-13741,-49,-38,11258,14.9,234,276,39,388631
ABplppppaa:110,ABplppppaa,110,11178,-13821,-75,-61,11178,8.1,262,254,31,210326
ABplppppap:110,ABplppppap,110,11422,-13577,-123,-94,11422,8.8,239,226,32,223546
ABplppppp:80,ABplppppp,80,11444,-13555,-23,0,11444,7.7,222,240,40,316095
ABplpppppa:111,ABplpppppa,111,12393,-12606,577,607,12393,8.1,258,193,33,217326
ABplpppppp:111,ABplpppppp,111,12846,-12153,900,936,12846,7.8,242,159,32,213380
ABpr:2,ABpr,2,11569,-13430,295,291,11569,20.8,348,118,72,1555963
ABpra:9,ABpra,9,11827,-13172,284,284,11827,17.5,394,103,65,1195939
ABpraa:21,ABpraa,21,12080,-12919,210,213,12080,19.5,441,110,60,1290886
ABpraaa:37,ABpraaa,37,12070,-12929,80,81,12070,26.1,511,148,54,1286881
ABpraaaa:56,ABpraaaa,56,11551,-13448,36,37,11551,20.9,532,176,45,612305
ABpraaaaa:83,ABpraaaaa,83,11350,-13649,20,25,11350,30.2,577,221,36,704648
ABpraaaaaa:118,ABpraaaaaa,118,11368,-13631,41,34,11368,29.2,583,235,33,579228
ABpraaaaap:118,ABpraaaaap,118,11336,-13663,30,32,11336,33.3,574,202,31,467161
ABpraaaap:83,ABpraaaap,83,11395,-13604,23,20,11395,30.7,546,182,38,751181
ABpraaaapa:113,ABpraaaapa,113,11284,-13715,-21,-39,11284,29.1,550,198,32,542519
ABpraaaapp:113,ABpraaaapp,113,11246,-13753,-26,-26,11246,33.0,543,164,32,507191
ABpraaap:56,ABpraaap,56,11711,-13288,47,52,11711,29.9,497,128,45,755139
ABpraaapa:79,ABpraaapa,79,11382,-13617,-21,-22,11382,36.5,553,211,37,688219
ABpraaapaa:113,ABpraaapaa,113,11278,-13721,-76,-79,11278,33.3,547,242,30,463612
ABpraaapap:113,ABpraaapap,113,11305,-13695,-48,-45,11305,38.9,547,211,35,666989
ABpraaapp:79,ABpraaapp,79,11353,-13646,-54,-50,11353,37.2,510,172,40,790233
ABpraaappa:106,ABpraaappa,106,11277,-13722,-67,-70,11277,34.2,517,203,32,512079
ABpraaappp:106,ABpraaappp,106,11243,-13756,-90,-93,11243,36.5,499,163,35,604804
ABpraaapppa:139,ABpraaapppa,139,11318,-13681,-164,-156,11318,33.5,489,185,30,372341
ABpraaapppp:139,ABpraaapppp,139,11476,-13523,86,68,11476,41.0,500,151,30,376310
ABpraap:37,ABpraap,37,11889,-13110,16,16,11889,14.4,430,129,52,687286
ABpraapa:55,ABpraapa,55,11661,-13338,51,52,11661,22.2,461,98,45,615591
ABpraapaa:79,ABpraapaa,79,11336,-13663,-63,-65,11336,46.4,514,173,39,766695
ABpraapaaa:111,ABpraapaaa,111,11282,-13717,-48,-47,11282,49.6,559,260,32,519934
ABpraapaap:111,ABpraapaap,111,11325,-13674,-31,-45,11325,48.5,535,218,32,498148
ABpraapap:79,ABpraapap,79,11335,-13664,-77,-83,11335,46.0,472,141,38,736032
ABpraapapa:111,ABpraapapa,111,11306,-13693,-58,-65,11306,43.9,530,186,32,520325
ABpraapapp:111,ABpraapapp,111,11304,-13695,-84,-93,11304,45.6,494,169,34,550717
ABpraapp:55,ABpraapp,55,11657,-13343,-41,-42,11657,26.0,398,82,46,670256
ABpraappa:77,ABpraappa,77,11333,-13666,-47,-48,11333,40.7,467,105,38,778047
ABpraappaa:114,ABpraappaa,114,11306,-13693,14,19,11306,41.5,530,148,30,444590
ABpraappap:114,ABpraappap,114,11288,-13711,-80,-85,11288,39.1,492,123,33,525377
ABpraappp:77,ABpraappp,77,11315,-13684,-147,-150,11315,39.1,410,86,41,836799
ABpraapppa:108,ABpraapppa,108,11309,-13690,-63,-68,11309,35.7,467,100,34,543883
ABpraapppp:108,ABpraapppp,108,11291,-13708,-77,-89,11291,29.2,432,80,35,595406
ABprap:21,ABprap,21,12231,-12768,262,263,12231,28.6,343,65,60,1629753
ABprapa:37,ABprapa,37,12267,-12732,202,203,12267,30.3,405,78,51,1262058
ABprapaa:55,ABprapaa,55,11816,-13183,126,128,11816,37.1,421,76,44,821309
ABprapaaa:81,ABprapaaa,81,11432,-13567,38,42,11432,49.8,421,112,37,684576
ABprapaaaa:114,ABprapaaaa,114,11386,-13613,0,-9,11386,43.4,456,127,33,522444
ABprapaaap:114,ABprapaaap,114,11309,-13690,-142,-158,11309,42.3,428,108,32,461012
ABprapaap:81,ABprapaap,81,11399,-13600,0,2,11399,46.9,377,81,37,716891
ABprapaapa:116,ABprapaapa,116,11263,-13736,-17,-13,11263,41.6,435,79,31,462699
ABprapaapp:116,ABprapaapp,116,11316,-13683,-109,-78,11316,36.9,404,62,34,541622
ABprapap:55,ABprapap,55,11944,-13055,15,56,11944,37.2,350,54,45,891491
ABprapapa:77,ABprapapa,77,11447,-13552,21,22,11447,44.5,339,54,40,789982
ABprapapaa:111,ABprapapaa,111,11377,-13622,-261,-185,11377,40.5,328,38,34,565357
ABprapapap:111,ABprapapap,111,11338,-13661,-180,-180,11338,33.0,291,26,36,681043
ABprapapp:77,ABprapapp,77,11412,-13587,-35,-37,11412,35.9,274,40,40,692215
ABprapappa:109,ABprapappa,109,11331,-13668,-54,-62,11331,26.5,280,24,35,611246
ABprapappp:109,ABprapappp,109,11341,-13658,-92,-66,11341,20.1,243,40,34,447307
ABprapp:37,ABprapp,37,12239,-12760,160,161,12239,29.1,315,73,49,985111
ABprappa:56,ABprappa,56,11701,-13298,51,50,11701,26.8,325,54,45,654010
ABprappaa:81,ABprappaa,81,11479,-13520,90,93,11479,34.9,382,50,40,813127
ABprappaaa:114,ABprappaaa,114,11366,-13633,68,72,11366,28.4,404,57,35,600381
ABprappaap:114,ABprappaap,114,11323,-13676,-37,-12,11323,25.6,367,39,33,499578
ABprappap:81,ABprappap,81,11520,-13479,105,104,11520,32.0,331,38,41,832569
ABprappapa:115,ABprappapa,115,13958,-11041,2278,2273,13958,36.7,364,44,33,550336
ABprappapp:115,ABprappapp,115,13945,-11054,2221,2275,13945,30.1,328,28,34,578593
ABprappp:56,ABprappp,56,11761,-13238,-19,41,11761,31.0,252,54,44,738911
ABprapppa:83,ABprapppa,83,11253,-13746,-37,-40,11253,21.8,313,38,37,602453
ABprapppaa:120,ABprapppaa,120,11313,-13686,-109,-109,11313,20.8,334,49,32,463201
ABprapppap:120,ABprapppap,120,11389,-13610,-71,-61,11389,16.9,300,49,33,416656
ABprapppp:83,ABprapppp,83,11268,-13731,-117,-72,11268,17.9,274,36,37,479846
ABprappppa:119,ABprappppa,119,11232,-13767,-41,-28,11232,17.7,271,31,31,409715
ABprappppp:119,ABprappppp,119,11318,-13681,-181,-142,11318,11.0,250,67,33,360061
ABprp:9,ABprp,9,11606,-13393,99,99,11606,14.9,273,128,64,832114
ABprpa:21,ABprpa,21,11779,-13220,30,30,11779,10.9,319,116,57,636055
ABprpaa:37,ABprpaa,37,11836,-13163,-30,-30,11836,13.0,371,74,50,709187
ABprpaaa:56,ABprpaaa,56,11475,-13524,-19,-20,11475,12.5,447,109,43,378363
ABprpaaaa:80,ABprpaaaa,80,11244,-13755,-55,-60,11244,22.6,530,173,38,556387
ABprpaaaaa:110,ABprpaaaaa,110,11195,-13804,-86,-90,11195,17.7,537,210,33,473498
ABprpaaaap:110,ABprpaaaap,110,11144,-13855,-54,-59,11144,16.5,524,169,35,525438
ABprpaaap:80,ABprpaaap,80,11231,-13768,-25,-27,11231,25.3,508,121,37,571076
ABprpaaapa:111,ABprpaaapa,111,11195,-13804,14,10,11195,21.2,548,168,34,507920
ABprpaaapp:111,ABprpaaapp,111,11135,-13864,-61,-57,11135,21.6,517,136,34,547833
ABprpaap:56,ABprpaap,56,11511,-13489,-59,-59,11511,16.5,380,72,43,426396
ABprpaapa:78,ABprpaapa,78,11328,-13671,-21,-29,11328,31.9,490,125,38,647633
ABprpaapaa:109,ABprpaapaa,109,11249,-13750,-107,-73,11249,25.5,517,194,34,544795
ABprpaapap:109,ABprpaapap,109,11212,-13787,-59,-76,11212,27.3,513,153,33,515986
ABprpaapp:78,ABprpaapp,78,11243,-13756,-134,-138,11243,31.0,442,110,40,680051
ABprpaappa:108,ABprpaappa,108,11200,-13799,-72,-77,11200,29.7,493,134,33,504136
ABprpaappp:108,ABprpaappp,108,11213,-13786,-23,-21,11213,27.5,490,104,35,524678
ABprpap:37,ABprpap,37,11798,-13201,-62,-61,11798,10.8,279,96,51,580981
ABprpapa:55,ABprpapa,55,11474,-13525,-36,-41,11474,7.5,358,99,45,286706
ABprpapaa:77,ABprpapaa,77,11179,-13820,-32,-39,11179,14.7,469,120,38,440559
ABprpapaaa:109,ABprpapaaa,109,11129,-13870,-56,-53,11129,14.3,461,171,31,339455
ABprpapaap:109,ABprpapaap,109,11096,-13903,-43,-41,11096,12.1,436,121,33,352275
ABprpapap:77,ABprpapap,77,11191,-13808,-21,-23,11191,12.4,430,104,38,407493
ABprpapapa:108,ABprpapapa,108,11099,-13900,-15,-19,11099,7.8,421,137,33,288653
ABprpapapp:108,ABprpapapp,108,11119,-13880,-2,-1,11119,4.4,374,126,35,276506
ABprpapp:55,ABprpapp,55,11444,-13556,-65,-65,11444,8.8,292,117,43,216394
ABprpappa:77,ABprpappa,77,11122,-13877,-26,-26,11122,7.7,421,138,38,280670
ABprpappaa:108,ABprpappaa,108,11054,-13945,-32,-32,11054,5.4,437,198,34,263725
ABprpappap:108,ABprpappap,108,11088,-13911,-5,2,11088,5.6,393,177,33,223463
ABprpappp:77,ABprpappp,77,11145,-13854,-36,-37,11145,8.3,372,115,38,268526
ABprpapppa:108,ABprpapppa,108,11112,-13887,-91,-83,11112,6.0,352,159,34,236418
ABprpapppp:108,ABprpapppp,108,11321,-13678,-151,-104,11321,5.9,308,141,33,186647
ABprpp:21,ABprpp,21,11973,-13026,92,92,11973,17.6,225,99,58,1023724
ABprppa:37,ABprppa,37,12038,-12961,29,40,12038,26.1,261,41,48,990643
ABprppaa:57,ABprppaa,57,11489,-13510,13,14,11489,16.4,346,52,43,482159
ABprppaaa:84,ABprppaaa,84,11202,-13797,-28,-28,11202,22.3,468,100,34,455131
ABprppaaaa:119,ABprppaaaa,119,11237,-13762,10,6,11237,18.7,480,138,36,487677
ABprppaaap:119,ABprppaaap,119,11260,-13739,-30,-40,11260,24.0,466,110,31,463316
ABprppaap:84,ABprppaap,84,11227,-13772,-28,-33,11227,22.8,430,82,39,615122
ABprppaapa:115,ABprppaapa,115,11135,-13864,-93,-97,11135,13.7,430,156,34,377541
ABprppaapp:115,ABprppaapp,115,11149,-13850,7,9,11149,12.9,408,95,32,291608
ABprppap:57,ABprppap,57,11559,-13440,-37,-34,11559,22.1,265,49,44,555226
ABprppapa:82,ABprppapa,82,11275,-13724,-38,-40,11275,27.0,397,57,40,714865
ABprppapaa:112,ABprppapaa,112,10343,-12932,-63,-68,10343,19.4,453,100,34,428906
ABprppapap:112,ABprppapap,112,11162,-13837,0,9,11162,19.8,420,72,32,387317
ABprppapp:82,ABprppapp,82,11182,-13817,-96,-98,11182,20.5,348,55,39,577418
ABprppappa:118,ABprppappa,118,11234,-13765,-8,-19,11234,18.0,391,72,33,394627
ABprppappp:118,ABprppappp,118,11216,-13783,-54,-38,11216,14.8,347,55,36,485612
ABprppp:37,ABprppp,37,12001,-12998,-3,-2,12001,19.0,208,92,50,801181
ABprpppa:55,ABprpppa,55,11551,-13448,2,2,11551,12.1,259,77,43,326985
ABprpppaa:78,ABprpppaa,78,11193,-13806,-57,-56,11193,17.2,410,66,38,496112
ABprpppaaa:110,ABprpppaaa,110,11092,-13907,-21,-13,11092,9.1,396,81,33,291106
ABprpppaap:110,ABprpppaap,110,11089,-13910,-83,-47,11089,9.0,357,63,33,305458
ABprpppap:78,ABprpppap,78,11249,-13750,37,37,11249,12.4,360,55,38,392066
ABprpppapa:109,ABprpppapa,109,12545,-12454,1113,1114,12545,9.6,320,63,34,319208
ABprpppapp:109,ABprpppapp,109,11743,-13257,266,339,11743,6.2,291,65,31,281905
ABprpppp:55,ABprpppp,55,11657,-13342,-89,-69,11657,13.8,194,105,46,420972
ABprppppa:77,ABprppppa,77,11202,-13797,-20,-20,11202,11.1,341,78,38,310325
ABprppppaa:108,ABprppppaa,108,11142,-13857,-40,-41,11142,10.7,380,119,32,242375
ABprppppap:108,ABprppppap,108,11212,-13787,-93,-58,11212,7.2,338,95,31,196409
ABprppppp:77,ABprppppp,77,11262,-13737,-72,-53,11262,8.4,295,71,39,309320
ABprpppppa:109,ABprpppppa,109,12262,-12737,681,693,12262,7.6,302,101,32,202660
ABprpppppp:109,ABprpppppp,109,12184,-12815,493,531,12184,6.7,262,104,33,224444
EMS:1,EMS,1,11102,-13898,-10,-10,11102,25.0,272,296,56,687163
MS:3,MS,3,11623,-13376,290,290,11623,15.8,379,287,70,970079
MSa:13,MSa,13,12737,-12262,936,936,12737,19.1,398,338,62,1023084
MSaa:27,MSaa,27,13327,-11672,1197,1197,13327,18.2,437,374,56,914661
MSaaa:44,MSaaa,44,13370,-11629,1296,1291,13370,18.9,450,386,50,833134
MSaaaa:64,MSaaaa,64,12224,-12775,700,699,12224,23.0,494,344,44,501257
MSaaaaa:86,MSaaaaa,86,12007,-12992,562,559,12007,30.5,535,339,40,663525
MSaaaaaa:111,MSaaaaaa,111,11621,-13378,198,174,11621,33.9,556,364,30,429187
MSaaaaap:111,MSaaaaap,111,11599,-13400,173,169,11599,37.6,506,365,35,488961
MSaaaap:86,MSaaaap,86,11690,-13309,272,274,11690,39.0,487,303,40,636723
MSaaaapa:114,MSaaaapa,114,11457,-13542,47,40,11457,44.7,502,335,32,401522
MSaaaapp:114,MSaaaapp,114,11401,-13598,26,27,11401,47.1,454,307,33,428378
MSaaap:64,MSaaap,64,11746,-13253,308,313,11746,19.2,415,313,43,352501
MSaaapa:88,MSaaapa,88,11509,-13490,151,164,11509,31.2,467,322,41,592431
MSaaapaa:113,MSaaapaa,113,11398,-13602,45,44,11398,36.0,480,333,37,518024
MSaaapap:113,MSaaapap,113,11370,-13629,1,11,11370,39.8,441,312,33,393551
MSaaapp:88,MSaaapp,88,11394,-13605,50,50,11394,33.1,425,282,34,514514
MSaaappa:136,MSaaappa,136,11415,-13584,-27,-25,11415,36.4,426,299,30,403328
MSaaappp:136,MSaaappp,136,11362,-13637,-123,-113,11362,41.0,408,275,30,355099
MSaap:44,MSaap,44,12369,-12630,453,454,12369,11.5,379,327,50,459482
MSaapa:64,MSaapa,64,11627,-13372,218,221,11627,11.7,363,314,43,257300
MSaapaa:86,MSaapaa,86,11564,-13435,253,253,11564,21.5,403,285,40,401490
MSaapaaa:112,MSaapaaa,112,11496,-13503,135,130,11496,23.7,410,284,34,375469
MSaapaap:112,MSaapaap,112,11596,-13404,158,153,11596,30.6,395,261,39,561250
MSaapap:86,MSaapap,86,11292,-13707,49,46,11292,19.2,350,251,37,275156
MSaapapa:117,MSaapapa,117,11393,-13606,57,63,11393,23.0,394,245,31,322993
MSaapapp:117,MSaapapp,117,11267,-13732,-68,-74,11267,22.3,348,252,35,357878
MSaapp:64,MSaapp,64,11639,-13360,229,240,11639,10.5,292,283,42,283231
MSaappa:91,MSaappa,91,11235,-13764,39,40,11235,11.5,341,231,34,257584
MSaappp:91,MSaappp,91,11386,-13613,-26,-21,11386,13.9,295,227,40,342368
MSaapppa:139,MSaapppa,139,11545,-13454,-12,-11,11545,21.5,309,279,30,263226
MSaapppp:139,MSaapppp,139,11557,-13442,-20,-13,11557,18.0,288,241,30,225240
MSap:27,MSap,27,13403,-11596,1316,1315,13403,21.0,340,352,55,992272
MSapa:46,MSapa,46,12981,-12018,985,984,12981,24.7,340,356,49,828528
MSapaa:68,MSapaa,68,11802,-13197,347,349,11802,27.5,402,342,43,506267
MSapaaa:93,MSapaaa,93,11684,-13315,244,237,11684,29.8,464,379,36,543309
MSapaaaa:127,MSapaaaa,127,11565,-13434,109,99,11565,26.0,491,393,29,333999
MSapaaap:127,MSapaaap,127,11506,-13493,56,54,11506,25.9,459,366,30,303867
MSapaap:93,MSapaap,93,12283,-12716,799,785,12283,26.7,416,335,35,453624
MSapaapa:139,MSapaapa,139,12495,-12504,948,927,12495,22.0,419,345,30,319560
MSapaapp:139,MSapaapp,139,14181,-10819,1801,1740,14181,26.0,388,322,28,249698
MSapap:68,MSapap,68,11691,-13308,209,217,11691,26.1,336,308,41,413268
MSapapa:93,MSapapa,93,11506,-13493,77,84,11506,33.4,395,330,37,517939
MSapapaa:128,MSapapaa,128,11549,-13450,69,59,11549,31.1,438,363,30,335970
MSapapap:128,MSapapap,128,11708,-13291,180,180,11708,34.8,408,332,32,368094
MSapapp:93,MSapapp,93,11470,-13529,40,41,11470,37.0,346,312,35,443556
MSapappa:130,MSapappa,130,11553,-13446,102,113,11553,41.1,430,349,31,350648
MSapappp:130,MSapappp,130,11667,-13332,134,138,11667,44.1,390,313,31,324836
MSapp:46,MSapp,46,12900,-12099,942,942,12900,20.5,267,311,47,667053
MSappa:67,MSappa,67,11918,-13081,405,415,11918,25.0,294,296,39,406039
MSappaa:95,MSappaa,95,11610,-13389,193,223,11610,27.9,352,307,36,455843
MSappaaa:139,MSappaaa,139,11612,-13387,-319,-200,11612,27.0,362,305,28,262698
MSappaap:139,MSappaap,139,12250,-12749,40,324,12250,32.0,322,287,40,542024
MSappap:95,MSappap,95,11577,-13422,-1,71,11577,24.0,316,294,34,371980
MSappp:67,MSappp,67,11934,-13065,365,371,11934,28.7,262,264,42,477054
MSapppa:99,MSapppa,99,11595,-13404,8,55,11595,35.1,321,297,36,489780
MSapppaa:137,MSapppaa,137,11564,-13436,-19,-7,11564,36.2,368,328,30,313273
MSapppap:137,MSapppap,137,12038,-12961,-2,225,12038,41.2,337,301,32,355305
MSapppp:99,MSapppp,99,11756,-13243,-6,46,11756,39.1,285,261,38,582931
MSappppa:139,MSappppa,139,11866,-13134,-52,-26,11866,44.5,314,288,28,288164
MSappppp:139,MSappppp,139,11940,-13060,56,66,11940,42.5,294,261,30,315011
MSp:13,MSp,13,12200,-12799,531,531,12200,16.6,357,226,62,727215
MSpa:27,MSpa,27,12412,-12587,469,468,12412,12.0,414,270,54,490492
MSpaa:45,MSpaa,45,12146,-12854,349,348,12146,12.6,421,254,48,347911
MSpaaa:67,MSpaaa,67,11614,-13385,260,258,11614,18.6,456,253,42,312884
MSpaaaa:88,MSpaaaa,88,11725,-13274,339,338,11725,29.9,527,284,37,478536
MSpaaaaa:114,MSpaaaaa,114,11475,-13524,91,80,11475,31.8,557,313,31,395075
MSpaaaap:114,MSpaaaap,114,11451,-13548,72,66,11451,37.0,518,309,33,357201
MSpaaap:88,MSpaaap,88,11574,-13425,202,196,11574,36.3,489,247,38,495051
MSpaaapa:117,MSpaaapa,117,11386,-13613,16,18,11386,43.3,496,294,30,318704
MSpaaapp:117,MSpaaapp,117,11388,-13611,0,-1,11388,43.7,461,271,32,305750
MSpaap:67,MSpaap,67,11335,-13664,25,28,11335,18.4,391,240,41,265156
MSpaapa:93,MSpaapa,93,11127,-13872,-137,-130,11127,30.8,471,256,38,474482
MSpaapaa:121,MSpaapaa,121,11214,-13785,-97,-102,11214,35.0,510,268,30,308150
MSpaapap:121,MSpaapap,121,11224,-13775,-91,-98,11224,35.9,471,252,35,373398
MSpaapp:93,MSpaapp,93,11400,-13599,10,8,11400,36.3,416,215,31,346672
MSpap:45,MSpap,45,12041,-12958,245,249,12041,9.2,341,235,48,294812
MSpapa:65,MSpapa,65,11442,-13557,132,135,11442,8.3,356,218,43,193423
MSpapaa:88,MSpapaa,88,11296,-13703,89,88,11296,19.0,414,215,38,264615
MSpapaaa:115,MSpapaaa,115,11273,-13726,-19,-23,11273,20.7,439,238,33,307167
MSpapaap:115,MSpapaap,115,11374,-13625,-25,-32,11374,31.4,425,209,33,324879
MSpapap:88,MSpapap,88,11205,-13794,31,30,11205,13.9,373,195,36,198311
MSpapapa:121,MSpapapa,121,11336,-13663,58,49,11336,19.5,417,209,30,253958
MSpapapp:121,MSpapapp,121,11265,-13734,-63,-62,11265,21.3,394,185,32,222538
MSpapp:65,MSpapp,65,11411,-13588,88,88,11411,8.2,285,207,42,198498
MSpappa:93,MSpappa,93,11185,-13814,18,22,11185,10.2,375,182,33,219567
MSpappp:93,MSpappp,93,11341,-13658,-65,-25,11341,13.5,350,156,37,256717
MSpapppa:136,MSpapppa,136,11383,-13617,-145,-159,11383,23.4,387,145,30,239627
MSpapppp:136,MSpapppp,136,11407,-13592,-168,-110,11407,17.8,343,140,31,222209
MSpp:27,MSpp,27,12267,-12732,357,356,12267,9.7,336,191,55,468027
MSppa:46,MSppa,46,11985,-13014,249,249,11985,12.8,344,150,46,309504
MSppaa:69,MSppaa,69,11534,-13465,198,196,11534,22.2,437,200,40,366501
MSppaaa:95,MSppaaa,95,11431,-13569,117,112,11431,23.3,536,248,34,430702
MSppaaaa:128,MSppaaaa,128,11299,-13700,-15,-28,11299,18.1,539,249,30,332920
MSppaaap:128,MSppaaap,128,11330,-13669,0,4,11330,25.3,520,246,29,266928
MSppaap:95,MSppaap,95,12014,-12985,659,650,12014,23.2,489,208,34,410318
MSppap:69,MSppap,69,11419,-13580,100,102,11419,24.0,384,171,42,386402
MSppapa:95,MSppapa,95,11408,-13591,99,91,11408,32.1,468,201,35,428598
MSppapaa:127,MSppapaa,127,11383,-13616,-26,-32,11383,30.8,511,227,29,309515
MSppapap:127,MSppapap,127,11374,-13625,-36,-61,11374,32.5,478,205,30,301736
MSppapp:95,MSppapp,95,11376,-13623,9,10,11376,36.5,441,176,35,443060
MSppappa:134,MSppappa,134,11389,-13610,0,-12,11389,39.4,504,230,34,397757
MSppappp:134,MSppappp,134,11383,-13616,-106,-98,11383,41.1,461,200,29,278005
MSppp:46,MSppp,46,11969,-13030,171,171,11969,7.3,255,182,48,333622
MSpppa:69,MSpppa,69,11483,-13516,167,170,11483,17.9,354,147,39,293756
MSpppaa:95,MSpppaa,95,11510,-13489,186,202,11510,22.6,445,179,36,405186
MSpppap:95,MSpppap,95,11495,-13504,42,90,11495,23.1,425,147,35,439453
MSpppp:69,MSpppp,69,11604,-13395,165,167,11604,21.6,322,114,41,422484
MSppppa:101,MSppppa,101,11485,-13514,-54,19,11485,32.7,434,152,35,498235
MSppppp:101,MSppppp,101,11526,-13473,-121,-66,11526,37.0,387,116,37,513195
E:3,E,3,12117,-12882,629,631,12117,24.0,227,238,67,1477476
Ea:14,Ea,14,12840,-12159,883,883,12840,24.4,313,270,62,1278907
Eal:44,Eal,44,11879,-13120,74,82,11879,26.6,330,254,55,945772
Eala:75,Eala,75,11375,-13624,-51,-50,11375,35.1,373,263,47,637812
Ealaa:117,Ealaa,117,11457,-13542,-25,-20,11457,39.7,392,270,36,317114
Ealap:117,Ealap,117,11443,-13556,-5,-6,11443,41.2,350,248,36,296866
Ealp:75,Ealp,75,11349,-13650,-36,-34,11349,32.6,339,206,46,568513
Ealpa:123,Ealpa,123,11437,-13562,-32,-34,11437,35.4,391,214,34,278331
Ealpp:123,Ealpp,123,11405,-13594,-7,-7,11405,34.6,345,206,37,310103
Ear:44,Ear,44,12119,-12880,243,241,12119,34.8,390,220,54,1172082
Eara:73,Eara,73,11421,-13578,-50,-53,11421,42.3,411,241,46,703558
Earaa:120,Earaa,120,11482,-13517,-42,-47,11482,45.3,430,246,36,295017
Earap:120,Earap,120,11493,-13507,-21,-36,11493,46.5,386,206,37,363121
Earp:73,Earp,73,11419,-13580,-63,-67,11419,41.9,342,202,44,616955
Earpa:120,Earpa,120,11443,-13556,-48,-48,11443,45.0,342,212,35,289028
Earpp:120,Earpp,120,11459,-13540,-99,-92,11459,38.3,294,201,36,299553
Ep:14,Ep,14,13750,-11249,1587,1587,13750,30.6,237,212,61,1724679
Epl:43,Epl,43,13518,-11481,1305,1386,13518,40.8,277,215,54,1363612
Epla:76,Epla,76,11871,-13128,328,326,11871,42.9,280,212,46,662144
Eplaa:124,Eplaa,124,11689,-13310,71,66,11689,49.0,293,202,36,285096
Eplap:124,Eplap,124,11691,-13308,-150,-85,11691,41.4,246,186,36,274481
Eplp:76,Eplp,76,11840,-13159,106,146,11840,35.9,235,152,46,580493
Eplpa:129,Eplpa,129,11662,-13337,-15,-19,11662,45.4,258,150,36,289047
Eplpp:129,Eplpp,129,11588,-13412,-50,-52,11588,30.5,241,142,36,248142
Epr:43,Epr,43,12600,-12399,630,631,12600,28.6,270,146,55,972846
Epra:74,Epra,74,11790,-13209,302,300,11790,38.3,352,140,46,631937
Epraa:121,Epraa,121,11492,-13507,11,10,11492,42.9,375,168,36,286089
Eprap:121,Eprap,121,11554,-13445,31,26,11554,43.5,323,152,37,308224
Eprp:74,Eprp,74,11840,-13159,231,240,11840,34.5,272,103,48,689036
Eprpa:124,Eprpa,124,11565,-13434,-29,-34,11565,43.0,298,117,37,315124
Eprpp:124,Eprpp,124,11543,-13457,-123,-124,11543,33.1,251,98,38,332993
P2:1,P2,1,11459,-13540,178,178,11459,34.0,207,163,79,4170535
C:4,C,4,13693,-11306,1910,1930,13693,46.0,275,135,65,2478592
Ca:17,Ca,17,16520,-8479,4159,4158,16520,48.0,351,161,60,2218417
Caa:33,Caa,33,18572,-6427,5963,5963,18572,52.5,387,154,56,1889744
Caaa:54,Caaa,54,17733,-7266,5278,5269,17733,53.0,352,161,46,815217
Caaaa:81,Caaaa,81,16478,-8521,4299,4293,16478,54.2,253,162,41,603621
Caaaaa:112,Caaaaa,112,14088,-10911,2153,2160,14088,55.8,270,169,37,510542
Caaaap:112,Caaaap,112,14543,-10456,2291,2405,14543,53.2,229,137,35,449522
Caaap:81,Caaap,81,16279,-8720,3824,3918,16279,43.4,196,143,41,568364
Caaapa:112,Caaapa,112,15547,-9452,3170,3266,15547,48.6,198,130,35,471051
Caaapp:112,Caaapp,112,15494,-9505,3216,3224,15494,35.9,176,117,36,470319
Caap:54,Caap,54,17340,-7659,4842,4863,17340,51.7,248,150,45,846805
Caapa:87,Caapa,87,14642,-10357,2380,2501,14642,26.8,176,121,35,449173
Caapp:87,Caapp,87,14067,-10932,1921,1995,14067,21.4,166,125,41,433523
Caappd:124,Caappd,124,13202,-11797,1194,1271,13202,20.5,158,122,35,301063
Caappv:124,Caappv,124,11948,-13051,217,267,11948,6.0,204,134,31,175833
Cap:33,Cap,33,18556,-6443,5848,5865,18556,49.3,288,161,53,1760181
Capa:57,Capa,57,18010,-6989,5563,5584,18010,38.9,227,217,45,681500
Capaa:93,Capaa,93,13921,-11078,1808,1854,13921,15.5,230,216,38,260220
Capaaa:129,Capaaa,129,13981,-11018,1314,1554,13981,24.8,266,237,34,286699
Capaap:129,Capaap,129,13237,-11762,1037,1131,13237,19.4,270,187,35,268617
Capap:93,Capap,93,13820,-11179,1438,1565,13820,14.2,212,172,39,282728
Capapa:131,Capapa,131,14151,-10848,1206,1459,14151,24.1,240,222,34,302805
Capapp:131,Capapp,131,13872,-11127,1190,1263,13872,18.2,235,177,30,202593
Capp:57,Capp,57,19079,-5920,6297,6340,19079,42.5,188,172,45,765277
Cappa:89,Cappa,89,15850,-9150,3333,3350,15850,28.2,187,170,40,455015
Cappaa:128,Cappaa,128,14727,-10272,2154,2234,14727,36.0,223,201,37,437581
Cappap:128,Cappap,128,14151,-10848,1247,1449,14151,27.4,222,190,35,339910
Cappp:89,Cappp,89,14200,-10799,1644,1745,14200,18.4,191,145,38,348381
Capppa:134,Capppa,134,13641,-11358,970,1121,13641,27.0,199,183,35,358425
Capppp:134,Capppp,134,12900,-12099,662,734,12900,15.7,209,152,28,166325
Cp:17,Cp,17,16796,-8203,4355,4357,16796,42.5,266,105,62,2492108
Cpa:34,Cpa,34,19600,-5399,6823,6865,19600,46.4,308,86,56,2042696
Cpaa:59,Cpaa,59,17288,-7711,5048,5035,17288,48.2,292,83,48,1007915
Cpaaa:88,Cpaaa,88,14979,-10020,3051,3044,14979,54.6,305,111,43,728111
Cpaaaa:124,Cpaaaa,124,13569,-11430,1639,1630,13569,55.1,347,121,34,398646
Cpaaap:124,Cpaaap,124,13423,-11576,1329,1383,13423,53.6,286,95,34,402424
Cpaap:88,Cpaap,88,15503,-9496,3407,3423,15503,46.3,223,78,43,739222
Cpaapa:121,Cpaapa,121,14452,-10547,2387,2415,14452,51.1,249,77,37,488412
Cpaapp:121,Cpaapp,121,14786,-10213,2567,2571,14786,41.7,204,79,37,483093
Cpap:59,Cpap,59,17706,-7293,5298,5351,17706,44.4,204,103,47,981001
Cpapa:89,Cpapa,89,15601,-9398,3501,3507,15601,33.5,203,64,42,698314
Cpapaa:127,Cpapaa,127,13814,-11185,1589,1655,13814,26.6,168,104,36,445807
Cpapap:127,Cpapap,127,14045,-10954,1878,1885,14045,33.9,207,54,35,440610
Cpapp:89,Cpapp,89,13264,-11735,1400,1451,13264,15.4,198,84,40,395586
Cpappd:128,Cpappd,128,13835,-11164,1668,1683,13835,21.3,194,76,35,356898
Cpappv:128,Cpappv,128,12559,-12441,673,726,12559,8.0,213,102,32,234431
Cpp:34,Cpp,34,18984,-6015,6214,6214,18984,39.7,189,126,55,1864116
Cppa:58,Cppa,58,15503,-9496,3364,3360,15503,24.7,208,81,46,573874
Cppaa:94,Cppaa,94,13145,-11854,1366,1369,13145,14.9,321,127,41,351902
Cppaaa:130,Cppaaa,130,14018,-10981,1878,1903,14018,27.2,362,109,38,429886
Cppaap:130,Cppaap,130,12842,-12157,1020,1058,12842,19.3,309,138,35,269057
Cppap:94,Cppap,94,12939,-12060,1070,1128,12939,13.2,263,128,43,342780
Cppapa:131,Cppapa,131,13555,-11445,1416,1503,13555,22.7,304,96,37,399810
Cppapp:131,Cppapp,131,12976,-12023,938,1060,12976,17.9,257,124,32,213032
Cppp:58,Cppp,58,17319,-7681,4916,4920,17319,32.2,170,150,47,801438
Cpppa:87,Cpppa,87,13638,-11361,1728,1739,13638,21.7,255,70,40,406566
Cpppaa:123,Cpppaa,123,14000,-10999,1766,1782,14000,36.6,310,71,34,421181
Cpppap:123,Cpppap,123,13106,-11893,1020,1098,13106,25.7,291,83,36,388625
Cpppp:87,Cpppp,87,13037,-11962,938,1047,13037,16.0,217,100,40,350582
Cppppa:124,Cppppa,124,12667,-12332,723,811,12667,24.4,256,70,32,286883
Cppppp:124,Cppppp,124,12567,-12432,584,638,12567,20.3,226,113,36,333011
P3:4,P3,4,13001,-11998,1229,1233,13001,30.5,174,138,62,2030124
D:21,D,21,15780,-9219,3366,3367,15780,30.2,172,158,58,1869699
Da:48,Da,48,17292,-7707,4834,4831,17292,32.4,190,237,50,1015521
Daa:77,Daa,77,13321,-11679,1603,1602,13321,20.4,266,242,40,198631
Daaa:109,Daaa,109,15489,-9510,3314,3315,15489,31.8,301,280,36,270877
Daap:109,Daap,109,13538,-11461,1438,1499,13538,26.5,281,232,37,203968
Dap:77,Dap,77,13581,-11418,1646,1668,13581,19.2,215,183,42,239409
Dapa:105,Dapa,105,14105,-10894,1845,1881,14105,33.5,261,248,34,199171
Dapp:105,Dapp,105,13945,-11054,1634,1690,13945,31.4,238,201,36,209400
Dp:48,Dp,48,14357,-10642,2204,2201,14357,18.0,187,153,49,575330
Dpa:82,Dpa,82,13363,-11636,1685,1683,13363,21.3,334,126,41,251672
Dpaa:114,Dpaa,114,14052,-10947,2018,2019,14052,30.8,416,139,34,220047
Dpap:114,Dpap,114,12884,-12115,864,971,12884,27.0,380,132,35,195022
Dpp:82,Dpp,82,13323,-11676,1422,1453,13323,20.6,258,128,43,282130
Dppa:111,Dppa,111,13802,-11197,1789,1786,13802,34.1,361,100,34,205527
Dppp:111,Dppp,111,13289,-11710,1187,1205,13289,29.1,315,109,36,189033
P4:21,P4,21,13057,-11942,991,992,13057,14.6,207,225,54,863695
Z2:59,Z2,59,11764,-13236,203,219,11764,27.1,279,169,44,511502
Z3:59,Z3,59,11499,-13500,147,147,11499,20.4,329,218,41,313400
