20110218_RW10890_pal-1_L1,ABalaaaa,244,-99,62,-63,921,1140,1004,1085,880,1104,485,22,-78,-117,447,863,1010,860,1052,1013,499,844,921,165,-7,-89,590,761,705,542,599,479,683,380,448,226,459,194,319,475,-111,-133,270,191,155,229,193,321,157,21,307,-13,31,29,-128,44,-136,-143,-142,-116,148,-132,-159,-38,100,-153,46,-124,51,-9
20110218_RW10890_pal-1_L1,ABalaaap,244,-99,62,-63,921,1140,1004,1085,880,1104,485,22,-78,-117,447,863,1010,860,1052,1013,499,844,921,165,-7,-89,590,761,705,542,599,479,683,380,448,226,459,194,319,475,-111,-133,270,191,155,229,193,321,157,21,307,-13,31,29,-128,44,-136,-143,-142,-116,148,-132,-159,-38,100,272,11,-78,-58,-248
20110218_RW10890_pal-1_L1,ABalaapa,244,-99,62,-63,921,1140,1004,1085,880,1104,485,22,-78,-117,447,863,1010,860,1052,1013,499,844,921,165,-7,-89,590,761,705,542,599,479,683,380,448,226,459,194,319,475,-111,-133,-241,-184,205,37,238,314,178,112,-62,-20,-104,76,28,-111,22,-12,-116,-181,77,38,-45,-138,-116,96,108,-149,15,-139
20110218_RW10890_pal-1_L1,ABalaapp,244,-99,62,-63,921,1140,1004,1085,880,1104,485,22,-78,-117,447,863,1010,860,1052,1013,499,844,921,165,-7,-89,590,761,705,542,599,479,683,380,448,226,459,194,319,475,-111,-133,-241,-184,205,37,238,314,178,112,-62,-20,-104,76,28,-111,22,-12,-116,-181,77,38,-45,-138,-116,-166,-4,-156,10,-22
20110218_RW10890_pal-1_L1,ABalapaa,244,-99,62,-63,921,1140,1004,1085,880,1104,485,22,-78,-117,447,863,1010,860,1052,1013,499,844,921,165,-7,18,500,741,410,777,387,425,392,317,445,468,243,183,365,272,1,165,-153,136,172,95,234,135,27,-5,372,67,2,183,109,86,-49,-8,174,150,-88,-100,-30,208,-29,35,115,18,305,49
20110218_RW10890_pal-1_L1,ABalapap,244,-99,62,-63,921,1140,1004,1085,880,1104,485,22,-78,-117,447,863,1010,860,1052,1013,499,844,921,165,-7,18,500,741,410,777,387,425,392,317,445,468,243,183,365,272,1,165,-153,136,172,95,234,135,27,-5,372,67,2,183,109,86,-49,-8,174,150,-88,-100,63,-83,-41,72,132,-39,162,-60
20110218_RW10890_pal-1_L1,ABalappa,244,-99,62,-63,921,1140,1004,1085,880,1104,485,22,-78,-117,447,863,1010,860,1052,1013,499,844,921,165,-7,18,500,741,410,777,387,425,392,317,445,468,243,183,365,272,1,165,-61,113,154,207,195,89,165,96,111,158,92,-39,202,46,9,82,-50,-101,-60,-151,75,192,-75,-37,118,28,211,-36
20110218_RW10890_pal-1_L1,ABalappp,244,-99,62,-63,921,1140,1004,1085,880,1104,485,22,-78,-117,447,863,1010,860,1052,1013,499,844,921,165,-7,18,500,741,410,777,387,425,392,317,445,468,243,183,365,272,1,165,-61,113,154,207,195,89,165,96,111,158,92,-39,202,46,9,82,-50,-101,-60,-151,-52,-85,31,-86,18,182,-119,-143
20110218_RW10890_pal-1_L1,ABalpaaa,244,-99,62,-63,921,1140,1004,1085,880,1104,485,22,-78,154,711,702,918,838,1205,902,1091,634,666,437,-152,13,856,495,814,714,514,167,407,342,60,215,265,129,-26,-1,-102,-199,-284,-338,-36,-114,-304,-60,-220,-160,-39,-270,-106,-276,-175,-76,-224,-116,-183,-200,-244,201,-316,-139,-2,-169,-34,-157,-114,-113
20110218_RW10890_pal-1_L1,ABalpaap,244,-99,62,-63,921,1140,1004,1085,880,1104,485,22,-78,154,711,702,918,838,1205,902,1091,634,666,437,-152,13,856,495,814,714,514,167,407,342,60,215,265,129,-26,-1,-102,-199,-284,-338,-36,-114,-304,-60,-220,-160,-39,-270,-106,-276,-175,-76,-224,-116,-183,-200,-244,201,352,91,-95,-85,-305,-220,-291,0
20110218_RW10890_pal-1_L1,ABalpapa,244,-99,62,-63,921,1140,1004,1085,880,1104,485,22,-78,154,711,702,918,838,1205,902,1091,634,666,437,-152,13,856,495,814,714,514,167,407,342,60,215,265,129,-26,-1,-102,-199,-149,-308,-253,-15,-152,-233,-113,-71,-281,-371,-290,-188,-263,-102,-241,-310,-37,-130,-198,-405,-168,-401,-13,-59,-226,-43,-133,82
20110218_RW10890_pal-1_L1,ABalpapp,244,-99,62,-63,921,1140,1004,1085,880,1104,485,22,-78,154,711,702,918,838,1205,902,1091,634,666,437,-152,13,856,495,814,714,514,167,407,342,60,215,265,129,-26,-1,-102,-199,-149,-308,-253,-15,-152,-233,-113,-71,-281,-371,-290,-188,-263,-102,-241,-310,-37,-130,-198,-405,-254,-7,-175,-252,-186,-86,-386,-53
20110218_RW10890_pal-1_L1,ABalppaa,244,-99,62,-63,921,1140,1004,1085,880,1104,485,22,-78,154,711,702,918,838,1205,902,1091,634,666,437,-152,-39,271,465,293,437,370,273,133,187,169,211,108,183,70,74,36,-30,-205,-201,169,44,-192,60,-21,268,32,35,66,-115,-55,-7,133,64,18,322,27,-192,-171,-19,373,-87,-114,87,64,70
20110218_RW10890_pal-1_L1,ABalppap,244,-99,62,-63,921,1140,1004,1085,880,1104,485,22,-78,154,711,702,918,838,1205,902,1091,634,666,437,-152,-39,271,465,293,437,370,273,133,187,169,211,108,183,70,74,36,-30,-205,-201,169,44,-192,60,-21,268,32,35,66,-115,-55,-7,133,64,18,322,27,-192,-171,-62,205,-21,-13,33,-167,-108
20110218_RW10890_pal-1_L1,ABalpppa,244,-99,62,-63,921,1140,1004,1085,880,1104,485,22,-78,154,711,702,918,838,1205,902,1091,634,666,437,-152,-39,271,465,293,437,370,273,133,187,169,211,108,183,70,74,36,-30,-198,137,32,-9,76,26,81,33,-216,70,-34,70,-74,-254,19,-135,-130,-109,-79,-70,-184,-193,-208,-57,-156,14,-52,80
20110218_RW10890_pal-1_L1,ABalpppp,244,-99,62,-63,921,1140,1004,1085,880,1104,485,22,-78,154,711,702,918,838,1205,902,1091,634,666,437,-152,-39,271,465,293,437,370,273,133,187,169,211,108,183,70,74,36,-30,-198,137,32,-9,76,26,81,33,-216,70,-34,70,-74,-254,19,-135,-130,-109,-79,-244,-251,173,-166,-81,-68,-87,101,127
20110218_RW10890_pal-1_L1,ABaraaaa,244,-99,71,134,135,301,294,456,494,407,307,122,109,-84,88,277,288,150,117,231,159,105,140,1,-38,-51,-47,-15,85,172,129,174,183,122,106,166,21,95,-51,-172,-18,-247,-141,-69,-84,-7,-123,-188,-106,-194,-1,-9,82,64,-330,-75,-107,32,-80,16,-90,-107,-5,-193,74,64,-32,37,-217,15
20110218_RW10890_pal-1_L1,ABaraaap,244,-99,71,134,135,301,294,456,494,407,307,122,109,-84,88,277,288,150,117,231,159,105,140,1,-38,-51,-47,-15,85,172,129,174,183,122,106,166,21,95,-51,-172,-18,-247,-141,-69,-84,-7,-123,-188,-106,-194,-1,-9,82,64,-330,-75,-107,32,-80,16,-90,-107,-102,-261,30,-165,-192,-47,41,128
20110218_RW10890_pal-1_L1,ABaraapa,244,-99,71,134,135,301,294,456,494,407,307,122,109,-84,88,277,288,150,117,231,159,105,140,1,-38,-51,-47,-15,85,172,129,174,183,122,106,166,21,95,-51,-172,-18,-167,-74,-133,-102,81,33,2,-161,-143,-118,-179,-83,-9,-62,-37,-109,-7,-246,84,67,-128,78,-67,-73,-105,-228,-175,-111,4
20110218_RW10890_pal-1_L1,ABaraapp,244,-99,71,134,135,301,294,456,494,407,307,122,109,-84,88,277,288,150,117,231,159,105,140,1,-38,-51,-47,-15,85,172,129,174,183,122,106,166,21,95,-51,-172,-18,-167,-74,-133,-102,81,33,2,-161,-143,-118,-179,-83,-9,-62,-37,-109,-7,-246,84,67,-128,84,-65,-235,17,-77,-29,84,-218
20110218_RW10890_pal-1_L1,ABarapaa,244,-99,71,134,135,301,294,456,494,407,307,122,109,-84,88,277,288,150,117,231,159,105,140,1,-38,235,205,18,109,381,155,-55,39,-99,-78,62,76,-47,57,128,72,428,39,-168,-22,-12,8,155,21,17,-114,23,-49,0,158,18,-139,119,126,64,-69,-182,-32,138,266,135,20,127,214,74
20110218_RW10890_pal-1_L1,ABarapap,244,-99,71,134,135,301,294,456,494,407,307,122,109,-84,88,277,288,150,117,231,159,105,140,1,-38,235,205,18,109,381,155,-55,39,-99,-78,62,76,-47,57,128,72,428,39,-168,-22,-12,8,155,21,17,-114,23,-49,0,158,18,-139,119,126,64,-69,1,-62,184,-206,-222,193,93,7,-11
20110218_RW10890_pal-1_L1,ABarappa,244,-99,71,134,135,301,294,456,494,407,307,122,109,-84,88,277,288,150,117,231,159,105,140,1,-38,235,205,18,109,381,155,-55,39,-99,-78,62,76,-47,57,128,72,-72,-153,-59,114,-59,-58,-40,-131,105,120,64,-23,-3,51,8,-54,131,-107,-42,24,2,-149,88,80,55,-162,-144,33,-181
20110218_RW10890_pal-1_L1,ABarappp,244,-99,71,134,135,301,294,456,494,407,307,122,109,-84,88,277,288,150,117,231,159,105,140,1,-38,235,205,18,109,381,155,-55,39,-99,-78,62,76,-47,57,128,72,-72,-153,-59,114,-59,-58,-40,-131,105,120,64,-23,-3,51,8,-54,131,-107,-42,24,2,-10,-29,-163,38,-11,4,1,-167
20110218_RW10890_pal-1_L1,ABarpaaa,244,-99,71,134,135,301,294,456,494,407,307,122,109,-50,313,562,678,588,944,584,877,932,613,178,-12,-62,425,495,614,431,442,420,425,545,276,195,179,161,-65,227,167,-120,-181,120,51,-38,-137,-99,-159,-12,-4,-8,90,-23,-24,-69,-88,-118,-130,-30,-137,62,32,124,-3,-44,-124,92,-161,-81
20110218_RW10890_pal-1_L1,ABarpaap,244,-99,71,134,135,301,294,456,494,407,307,122,109,-50,313,562,678,588,944,584,877,932,613,178,-12,-62,425,495,614,431,442,420,425,545,276,195,179,161,-65,227,167,-120,-181,120,51,-38,-137,-99,-159,-12,-4,-8,90,-23,-24,-69,-88,-118,-130,-30,126,155,3,-146,-24,190,3,42,-67,-43
20110218_RW10890_pal-1_L1,ABarpapa,244,-99,71,134,135,301,294,456,494,407,307,122,109,-50,313,562,678,588,944,584,877,932,613,178,-12,-62,425,495,614,431,442,420,425,545,276,195,179,161,-65,227,167,-120,-108,-188,-108,-19,55,-92,-30,-144,-36,-49,-89,-29,-26,-138,-8,-47,-94,-41,-174,30,-7,97,142,208,27,175,22,-145
20110218_RW10890_pal-1_L1,ABarpapp,244,-99,71,134,135,301,294,456,494,407,307,122,109,-50,313,562,678,588,944,584,877,932,613,178,-12,-62,425,495,614,431,442,420,425,545,276,195,179,161,-65,227,167,-120,-108,-188,-108,-19,55,-92,-30,-144,-36,-49,-89,-29,-26,-138,-8,-47,-94,-41,-174,38,27,-70,-77,154,199,-25,-81,49
20110218_RW10890_pal-1_L1,ABarppaa,244,-99,71,134,135,301,294,456,494,407,307,122,109,-50,313,562,678,588,944,584,877,932,613,178,-12,-19,325,228,880,578,630,525,393,389,491,433,339,403,-6,82,16,88,-121,-2,-69,-61,127,246,268,424,65,69,62,-61,19,8,206,283,31,238,121,-221,-263,-142,203,-18,-89,42,-63,111
20110218_RW10890_pal-1_L1,ABarppap,244,-99,71,134,135,301,294,456,494,407,307,122,109,-50,313,562,678,588,944,584,877,932,613,178,-12,-19,325,228,880,578,630,525,393,389,491,433,339,403,-6,82,16,88,-121,-2,-69,-61,127,246,268,424,65,69,62,-61,19,8,206,283,31,238,121,-221,-263,-36,-79,-169,180,139,24,-212
20110218_RW10890_pal-1_L1,ABarpppa,244,-99,71,134,135,301,294,456,494,407,307,122,109,-50,313,562,678,588,944,584,877,932,613,178,-12,-19,325,228,880,578,630,525,393,389,491,433,339,403,-6,82,16,88,-121,-2,0,-91,-64,126,46,42,56,71,2,-8,-49,-83,61,12,217,21,-20,166,-89,-217,110,82,-115,-35,103,31
20110218_RW10890_pal-1_L1,ABarpppp,244,-99,71,134,135,301,294,456,494,407,307,122,109,-50,313,562,678,588,944,584,877,932,613,178,-12,-19,325,228,880,578,630,525,393,389,491,433,339,403,-6,82,16,88,-121,-2,0,-91,-64,126,46,42,56,71,2,-8,-49,-83,61,12,217,21,-20,166,-89,-217,-116,-274,-71,140,121,32
20110218_RW10890_pal-1_L1,ABplaaaa,222,4,-317,58,921,1477,1130,592,731,998,709,56,49,123,969,1305,1577,1190,1539,1163,1115,1243,1328,-53,123,228,519,846,618,959,590,573,195,257,457,210,162,203,-4,-123,-136,-50,-163,-106,-148,135,92,-290,39,-68,7,-2,-35,-25,-28,-66,47,-178,-188,27,-2,54,-69,-71,-158,-184,323,-73,-163,11
20110218_RW10890_pal-1_L1,ABplaaap,222,4,-317,58,921,1477,1130,592,731,998,709,56,49,123,969,1305,1577,1190,1539,1163,1115,1243,1328,-53,123,228,519,846,618,959,590,573,195,257,457,210,162,203,-4,-123,-136,-50,-163,-106,-148,135,92,-290,39,-68,7,-2,-35,-25,-28,-66,47,-178,-188,27,-2,-235,-113,-58,-153,-144,-112,-164,-80,15
20110218_RW10890_pal-1_L1,ABplaapa,222,4,-317,58,921,1477,1130,592,731,998,709,56,49,123,969,1305,1577,1190,1539,1163,1115,1243,1328,-53,123,228,519,846,618,959,590,573,195,257,457,210,162,203,-4,-123,-136,-242,61,-110,-125,9,-91,-116,-168,-41,-235,-260,-27,-41,70,-221,-116,76,-251,-85,-84,-326,-134,-103,-101,-54,120,-185,-60,-76
20110218_RW10890_pal-1_L1,ABplaapp,222,4,-317,58,921,1477,1130,592,731,998,709,56,49,123,969,1305,1577,1190,1539,1163,1115,1243,1328,-53,123,228,519,846,618,959,590,573,195,257,457,210,162,203,-4,-123,-136,-242,61,-110,-125,9,-91,-116,-168,-41,-235,-260,-27,-41,70,-221,-116,76,-251,-85,-84,5,-85,-70,-3,-226,-104,-88,-175,-268
20110218_RW10890_pal-1_L1,ABplapaa,222,4,-317,58,921,1477,1130,592,731,998,709,56,49,123,969,1305,1577,1190,1539,1163,1115,1243,1328,-53,123,179,591,967,491,488,354,594,177,502,288,285,275,235,247,127,61,14,-47,167,87,127,54,109,311,179,194,269,162,241,22,87,84,11,166,101,-35,-277,-30,172,-14,190,150,120,-129,-82
20110218_RW10890_pal-1_L1,ABplapap,222,4,-317,58,921,1477,1130,592,731,998,709,56,49,123,969,1305,1577,1190,1539,1163,1115,1243,1328,-53,123,179,591,967,491,488,354,594,177,502,288,285,275,235,247,127,61,14,-47,167,87,127,54,109,311,179,194,269,162,241,22,87,84,11,166,101,-35,99,82,89,27,39,-67,20,277,-61
20110218_RW10890_pal-1_L1,ABplappa,222,4,-317,58,921,1477,1130,592,731,998,709,56,49,123,969,1305,1577,1190,1539,1163,1115,1243,1328,-53,123,179,591,967,491,488,354,594,177,502,288,285,275,235,247,127,61,14,-225,82,218,531,392,150,281,91,49,361,27,76,-55,162,137,-5,120,-8,32,115,-278,15,85,269,155,285,127,15
20110218_RW10890_pal-1_L1,ABplappp,222,4,-317,58,921,1477,1130,592,731,998,709,56,49,123,969,1305,1577,1190,1539,1163,1115,1243,1328,-53,123,179,591,967,491,488,354,594,177,502,288,285,275,235,247,127,61,14,-225,82,218,531,392,150,281,91,49,361,27,76,-55,162,137,-5,120,-8,32,115,-28,-280,0,-130,86,248,-22,427
20110218_RW10890_pal-1_L1,ABplpaaa,222,4,-317,58,921,1477,1130,592,731,998,709,56,49,4,707,942,1002,1342,610,1026,654,1247,985,372,27,166,575,1002,1016,281,585,428,394,325,301,246,483,-34,71,34,-24,-20,-270,8,-182,-283,-136,-255,-45,-49,-200,-42,-373,-215,-26,-14,96,-250,-172,-181,-25,-97,-417,-110,-321,-105,-162,-62,61,-109
20110218_RW10890_pal-1_L1,ABplpaap,222,4,-317,58,921,1477,1130,592,731,998,709,56,49,4,707,942,1002,1342,610,1026,654,1247,985,372,27,166,575,1002,1016,281,585,428,394,325,301,246,483,-34,71,34,-24,-20,-270,8,-182,-283,-136,-255,-45,-49,-200,-42,-373,-215,-26,-14,96,-250,-172,-181,-25,-97,6,-8,-273,-67,255,-234,-230,-91
20110218_RW10890_pal-1_L1,ABplpapa,222,4,-317,58,921,1477,1130,592,731,998,709,56,49,4,707,942,1002,1342,610,1026,654,1247,985,372,27,166,575,1002,1016,281,585,428,394,325,301,246,483,-34,71,34,-24,-20,-129,-52,-135,-107,-208,-239,-159,-278,-91,-122,-238,-165,-122,-27,-30,-313,-199,-161,-91,-238,45,-63,-44,-151,-248,-150,-45,-131
20110218_RW10890_pal-1_L1,ABplpapp,222,4,-317,58,921,1477,1130,592,731,998,709,56,49,4,707,942,1002,1342,610,1026,654,1247,985,372,27,166,575,1002,1016,281,585,428,394,325,301,246,483,-34,71,34,-24,-20,-129,-52,-135,-107,-208,-239,-159,-278,-91,-122,-238,-165,-122,-27,-30,-313,-199,-161,-91,-186,-368,-27,-74,-179,-130,-328,-175,-189
20110218_RW10890_pal-1_L1,ABplppaa,222,4,-317,58,921,1477,1130,592,731,998,709,56,49,4,707,942,1002,1342,610,1026,654,1247,985,372,27,104,936,612,426,615,864,830,808,437,151,262,446,208,183,589,183,284,-126,-144,211,152,376,187,363,76,211,213,276,322,141,25,8,188,-68,397,200,-88,-466,-307,243,-172,463,-55,46,252
20110218_RW10890_pal-1_L1,ABplppap,222,4,-317,58,921,1477,1130,592,731,998,709,56,49,4,707,942,1002,1342,610,1026,654,1247,985,372,27,104,936,612,426,615,864,830,808,437,151,262,446,208,183,589,183,284,-126,-144,211,152,376,187,363,76,211,213,276,322,141,25,8,188,-68,397,200,-88,-466,-17,-191,75,8,370,-90,93
20110218_RW10890_pal-1_L1,ABplpppa,222,4,-317,58,921,1477,1130,592,731,998,709,56,49,4,707,942,1002,1342,610,1026,654,1247,985,372,27,104,936,612,426,615,864,830,808,437,151,262,446,208,183,589,183,284,-126,-178,192,165,71,302,356,63,221,274,-35,129,230,155,123,-145,39,88,-38,62,-67,88,293,-79,-26,-11,-233,45
20110218_RW10890_pal-1_L1,ABplpppp,222,4,-317,58,921,1477,1130,592,731,998,709,56,49,4,707,942,1002,1342,610,1026,654,1247,985,372,27,104,936,612,426,615,864,830,808,437,151,262,446,208,183,589,183,284,-126,-178,192,165,71,302,356,63,221,274,-35,129,230,155,123,-145,39,88,-38,62,-326,34,-53,-8,-205,169,-27,-13
20110218_RW10890_pal-1_L1,ABpraaaa,222,4,89,-21,83,132,239,144,83,123,114,98,-75,45,-49,-189,323,332,328,60,207,196,119,-15,-32,-49,-33,-41,-33,57,57,27,-2,-72,-30,-58,-69,-15,-120,12,154,-5,123,-8,-103,-139,-110,-244,-94,-57,-161,-10,117,119,107,-78,32,-106,-62,46,251,2,13,-11,12,-189,364,-57,344,-99
20110218_RW10890_pal-1_L1,ABpraaap,222,4,89,-21,83,132,239,144,83,123,114,98,-75,45,-49,-189,323,332,328,60,207,196,119,-15,-32,-49,-33,-41,-33,57,57,27,-2,-72,-30,-58,-69,-15,-120,12,154,-5,123,-8,-103,-139,-110,-244,-94,-57,-161,-10,117,119,107,-78,32,-106,-62,46,251,2,-195,160,-223,61,-28,-4,-59,66
20110218_RW10890_pal-1_L1,ABpraapa,222,4,89,-21,83,132,239,144,83,123,114,98,-75,45,-49,-189,323,332,328,60,207,196,119,-15,-32,-49,-33,-41,-33,57,57,27,-2,-72,-30,-58,-69,-15,-120,12,154,-5,62,-296,-122,45,40,-144,-189,-140,166,36,3,45,-35,-201,67,-7,10,-19,-165,12,-87,12,-11,-110,197,22,78,154
20110218_RW10890_pal-1_L1,ABpraapp,222,4,89,-21,83,132,239,144,83,123,114,98,-75,45,-49,-189,323,332,328,60,207,196,119,-15,-32,-49,-33,-41,-33,57,57,27,-2,-72,-30,-58,-69,-15,-120,12,154,-5,62,-296,-122,45,40,-144,-189,-140,166,36,3,45,-35,-201,67,-7,10,-19,-165,12,-6,-2,-83,-59,-67,102,-57,48
20110218_RW10890_pal-1_L1,ABprapaa,222,4,89,-21,83,132,239,144,83,123,114,98,-75,45,-49,-189,323,332,328,60,207,196,119,-15,-32,-5,308,52,131,-10,78,123,-23,1,24,160,-95,-62,-116,-27,-32,-177,57,10,-44,-16,2,-157,350,-30,-80,71,-136,51,-76,-42,-99,-44,37,-99,-73,129,-14,14,45,89,-96,-153,-42,-155
20110218_RW10890_pal-1_L1,ABprapap,222,4,89,-21,83,132,239,144,83,123,114,98,-75,45,-49,-189,323,332,328,60,207,196,119,-15,-32,-5,308,52,131,-10,78,123,-23,1,24,160,-95,-62,-116,-27,-32,-177,57,10,-44,-16,2,-157,350,-30,-80,71,-136,51,-76,-42,-99,-44,37,-99,-73,80,-93,-5,162,-194,-25,-64,-180,-10
20110218_RW10890_pal-1_L1,ABprappa,222,4,89,-21,83,132,239,144,83,123,114,98,-75,45,-49,-189,323,332,328,60,207,196,119,-15,-32,-5,308,52,131,-10,78,123,-23,1,24,160,-95,-62,-116,-27,-32,-57,100,-25,13,-57,-27,121,-159,43,-31,2,122,64,-99,-146,168,-112,-7,2,-19,-123,-101,-147,-166,-33,140,93,-67,18
20110218_RW10890_pal-1_L1,ABprappp,222,4,89,-21,83,132,239,144,83,123,114,98,-75,45,-49,-189,323,332,328,60,207,196,119,-15,-32,-5,308,52,131,-10,78,123,-23,1,24,160,-95,-62,-116,-27,-32,-57,100,-25,13,-57,-27,121,-159,43,-31,2,122,64,-99,-146,168,-112,-7,2,-19,-123,-236,33,-74,-269,-267,-242,204,-216
20110218_RW10890_pal-1_L1,ABprpaaa,222,4,89,-21,83,132,239,144,83,123,114,98,-75,79,70,301,164,212,315,93,203,55,75,-25,159,-12,-68,-136,90,-6,8,85,8,-106,120,8,-35,-18,-96,-40,-74,-186,28,91,-13,-119,131,-192,-3,29,-33,-73,-137,-156,-116,230,46,-165,10,-91,44,56,-158,0,0,0,0,0,0
20110218_RW10890_pal-1_L1,ABprpaap,222,4,89,-21,83,132,239,144,83,123,114,98,-75,79,70,301,164,212,315,93,203,55,75,-25,159,-12,-68,-136,90,-6,8,85,8,-106,120,8,-35,-18,-96,-40,-74,-186,28,91,-13,-119,131,-192,-3,29,-33,-73,-137,-156,-116,230,46,-165,10,-91,44,56,-158,-228,-20,-1,-83,-131,-82,-3
20110218_RW10890_pal-1_L1,ABprpapa,222,4,89,-21,83,132,239,144,83,123,114,98,-75,79,70,301,164,212,315,93,203,55,75,-25,159,-12,-68,-136,90,-6,8,85,8,-106,120,8,-35,-18,-96,-40,-74,-186,-97,48,31,18,-41,-27,173,-162,-19,32,39,-116,-84,-98,-13,5,-29,24,-105,-94,-145,-21,-303,74,94,-154,80,160
20110218_RW10890_pal-1_L1,ABprpapp,222,4,89,-21,83,132,239,144,83,123,114,98,-75,79,70,301,164,212,315,93,203,55,75,-25,159,-12,-68,-136,90,-6,8,85,8,-106,120,8,-35,-18,-96,-40,-74,-186,-97,48,31,18,-41,-27,173,-162,-19,32,39,-116,-84,-98,-13,5,-29,24,-105,-94,211,55,-28,-116,-159,-28,-153,-99
20110218_RW10890_pal-1_L1,ABprppaa,222,4,89,-21,83,132,239,144,83,123,114,98,-75,79,70,301,164,212,315,93,203,55,75,-25,159,-6,169,168,43,75,33,39,73,109,-90,103,6,29,30,17,25,75,-30,1,-71,131,-39,131,211,133,2,-36,11,-103,72,-67,3,-133,52,-77,-75,-145,-154,-4,168,59,-49,18,-27,71
20110218_RW10890_pal-1_L1,ABprppap,222,4,89,-21,83,132,239,144,83,123,114,98,-75,79,70,301,164,212,315,93,203,55,75,-25,159,-6,169,168,43,75,33,39,73,109,-90,103,6,29,30,17,25,75,-30,1,-71,131,-39,131,211,133,2,-36,11,-103,72,-67,3,-133,52,-77,-75,-145,-154,-4,237,232,-172,-76,-224,-202
20110218_RW10890_pal-1_L1,ABprpppa,222,4,89,-21,83,132,239,144,83,123,114,98,-75,79,70,301,164,212,315,93,203,55,75,-25,159,-6,169,168,43,75,33,39,73,109,-90,103,6,29,30,17,25,75,-30,74,-106,-172,-272,-84,-93,-144,-24,126,-250,-41,-125,-92,-152,-100,-1,-66,-16,-64,-134,-19,-130,-76,61,-60,-72,-30
20110218_RW10890_pal-1_L1,ABprpppp,222,4,89,-21,83,132,239,144,83,123,114,98,-75,79,70,301,164,212,315,93,203,55,75,-25,159,-6,169,168,43,75,33,39,73,109,-90,103,6,29,30,17,25,75,-30,74,-106,-172,-272,-84,-93,-144,-24,126,-250,-41,-125,-92,-152,-100,-1,-66,-16,-64,-134,29,71,-188,-305,-18,-15,-17
20110218_RW10890_pal-1_L1,MSaaa,294,418,399,98,-64,-185,310,967,754,660,979,757,1038,1236,1235,616,-145,-112,869,1557,1982,1669,1577,1780,2075,2290,1646,1567,1795,1413,229,144,561,1203,2410,2042,2640,3253,3172,2776,3123,2767,2785,1974,3127,3111,2752,2341,1369,420,193,2026,2406,3101,3088,3610,2847,3491,3049,3316,2721,2283,2200,2749,2788,2773,2462,1697,2358,1153
20110218_RW10890_pal-1_L1,MSaap,294,418,399,98,-64,-185,310,967,754,660,979,757,1038,1236,1235,616,-145,-112,869,1557,1982,1669,1577,1780,2075,2290,1646,1567,1795,1413,229,144,561,1203,2410,2042,2640,3253,3172,2776,3123,2767,2785,1974,3127,3111,2752,2341,1369,420,184,1887,1885,1759,2528,2373,2751,2859,1890,2095,2981,1870,2210,1471,2524,1979,1646,2336,1822,1301
20110218_RW10890_pal-1_L1,MSapa,294,418,399,98,-64,-185,310,967,754,660,979,757,1038,1236,1235,616,-145,-112,869,1557,1982,1669,1577,1780,2075,2290,1646,1567,1795,1413,229,144,569,2873,2867,3086,3160,3592,3289,2923,2774,2949,2638,2177,3040,2465,3277,3054,3106,2124,65,80,1108,1765,2736,2659,2445,2545,2834,2471,2293,2604,2274,2170,1754,2356,2015,1942,1570,1842
20110218_RW10890_pal-1_L1,MSapp,294,418,399,98,-64,-185,310,967,754,660,979,757,1038,1236,1235,616,-145,-112,869,1557,1982,1669,1577,1780,2075,2290,1646,1567,1795,1413,229,144,569,2873,2867,3086,3160,3592,3289,2923,2774,2949,2638,2177,3040,2465,3277,3054,3106,2124,65,80,748,2485,2287,2983,2836,2717,1983,2450,2013,1991,1922,1187,2106,1449,1749,1528,1311,1146
20110218_RW10890_pal-1_L1,MSpaa,294,418,399,98,-64,-185,310,967,754,660,979,757,1038,1236,1235,616,-145,-104,105,463,855,763,594,789,866,889,850,437,546,530,432,124,-121,391,721,1886,1251,2178,1912,2325,1585,2438,2489,2117,2441,2290,2204,1974,1354,769,188,119,450,806,1201,845,1089,1072,1150,1332,1470,928,923,486,668,527,784,360,590,525
20110218_RW10890_pal-1_L1,MSpap,294,418,399,98,-64,-185,310,967,754,660,979,757,1038,1236,1235,616,-145,-104,105,463,855,763,594,789,866,889,850,437,546,530,432,124,-121,391,721,1886,1251,2178,1912,2325,1585,2438,2489,2117,2441,2290,2204,1974,1354,769,188,-35,839,1333,1604,1602,1887,1860,1911,2127,1887,1572,1159,1053,748,971,955,918,913,717
20110218_RW10890_pal-1_L1,MSppa,294,418,399,98,-64,-185,310,967,754,660,979,757,1038,1236,1235,616,-145,-104,105,463,855,763,594,789,866,889,850,437,546,530,432,124,87,490,951,1220,1553,1629,1544,1562,1623,2190,1358,1212,890,1359,1139,868,1226,1224,611,370,-54,243,143,176,297,210,486,491,335,596,360,323,373,50,104,129,436,81
20110218_RW10890_pal-1_L1,MSppp,294,418,399,98,-64,-185,310,967,754,660,979,757,1038,1236,1235,616,-145,-104,105,463,855,763,594,789,866,889,850,437,546,530,432,124,87,490,951,1220,1553,1629,1544,1562,1623,2190,1358,1212,890,1359,1139,868,1226,1224,611,370,-54,65,953,1621,1434,1843,1614,2247,1523,1711,1523,1266,1127,777,787,904,393,497
20110218_RW10890_pal-1_L1,Eal,294,418,399,98,-64,-201,479,982,581,1064,1124,1488,1199,953,1548,1542,498,87,-63,1209,2139,2852,3778,3054,2462,2463,2073,2414,1755,2371,2919,2098,2087,2846,2249,2370,1833,2288,1427,1269,1043,1277,1216,1016,985,848,256,114,112,614,909,1701,1268,1058,1001,878,590,632,493,802,794,776,464,594,323,376,251,353,16,99
20110218_RW10890_pal-1_L1,Ear,294,418,399,98,-64,-201,479,982,581,1064,1124,1488,1199,953,1548,1542,498,87,-63,1209,2139,2852,3778,3054,2462,2463,2073,2414,1755,2371,2919,2098,2087,2846,2249,2370,1833,2288,1427,1269,1043,1277,1216,1016,985,848,256,114,189,-73,218,192,344,180,135,283,135,174,201,93,46,184,259,230,102,144,83,73,-51,173
20110218_RW10890_pal-1_L1,Epl,294,418,399,98,-64,-201,479,982,581,1064,1124,1488,1199,953,1548,1542,498,87,-164,1117,2817,3690,3797,2709,3042,2773,2919,2530,2027,3049,2548,2452,2458,2298,1829,2777,3111,2978,2543,1847,2004,1925,1735,1601,1492,1526,488,-27,119,525,1115,1423,997,810,877,774,1070,1169,762,885,1113,798,1099,841,1083,705,778,861,1011,1113
20110218_RW10890_pal-1_L1,Epr,294,418,399,98,-64,-201,479,982,581,1064,1124,1488,1199,953,1548,1542,498,87,-164,1117,2817,3690,3797,2709,3042,2773,2919,2530,2027,3049,2548,2452,2458,2298,1829,2777,3111,2978,2543,1847,2004,1925,1735,1601,1492,1526,488,-27,-124,807,2008,2431,2396,2620,2872,2442,2073,2396,1794,2010,1746,1839,1853,1303,1466,1532,1531,1388,985,1253
20110218_RW10890_pal-1_L1,Caaa,653,412,550,671,603,372,53,27,254,739,1463,1917,1542,1462,1590,2073,1092,1313,518,-80,104,1000,1638,1794,2648,2172,2077,2222,2166,3260,2689,2398,3140,2577,2258,1651,147,-130,658,1983,3030,3652,4171,4207,2601,2694,3585,3146,3384,3440,3145,2868,3411,3237,2565,3665,3261,2143,1195,192,262,1318,3750,3985,2768,4701,4230,3808,3589,3381
20110218_RW10890_pal-1_L1,Caap,653,412,550,671,603,372,53,27,254,739,1463,1917,1542,1462,1590,2073,1092,1313,518,-80,104,1000,1638,1794,2648,2172,2077,2222,2166,3260,2689,2398,3140,2577,2258,1651,147,-130,658,1983,3030,3652,4171,4207,2601,2694,3585,3146,3384,3440,3145,2868,3411,3237,2565,3665,3261,2143,1195,192,670,1145,2905,3690,4327,4477,4393,3548,3737,3688
20110218_RW10890_pal-1_L1,Capa,653,412,550,671,603,372,53,27,254,739,1463,1917,1542,1462,1590,2073,1092,1313,518,-80,104,1000,1638,1794,2648,2172,2077,2222,2166,3260,2689,2398,3140,2577,2258,1651,147,75,1930,4165,4865,5085,4340,5532,4564,4097,4380,4752,4050,3299,3881,4569,5729,4464,3471,3450,2767,3823,3219,3633,3056,921,516,119,2604,4215,3989,5494,5466,4272
20110218_RW10890_pal-1_L1,Capp,653,412,550,671,603,372,53,27,254,739,1463,1917,1542,1462,1590,2073,1092,1313,518,-80,104,1000,1638,1794,2648,2172,2077,2222,2166,3260,2689,2398,3140,2577,2258,1651,147,75,1930,4165,4865,5085,4340,5532,4564,4097,4380,4752,4050,3299,3881,4569,5729,4464,3471,3450,2767,3823,3219,3633,3056,921,516,321,2799,4392,3715,5158,4351,4257
20110218_RW10890_pal-1_L1,Cpaa,653,412,550,671,603,372,53,27,254,739,1463,1917,1542,1462,1590,2073,1092,1313,518,-80,158,1731,2690,3110,3101,3705,3166,3301,2308,3470,3509,3283,3263,3696,3015,3122,666,448,496,3600,5856,6574,5465,5935,4413,5982,6712,4563,5663,4346,4862,3714,4554,3955,4313,4452,3324,4332,4101,2248,-2,78,1640,2443,2880,4481,4443,3863,3585,3309
20110218_RW10890_pal-1_L1,Cpap,653,412,550,671,603,372,53,27,254,739,1463,1917,1542,1462,1590,2073,1092,1313,518,-80,158,1731,2690,3110,3101,3705,3166,3301,2308,3470,3509,3283,3263,3696,3015,3122,666,448,496,3600,5856,6574,5465,5935,4413,5982,6712,4563,5663,4346,4862,3714,4554,3955,4313,4452,3324,4332,4101,2248,-2,122,2095,3226,4263,4077,4840,4463,5181,4712
20110218_RW10890_pal-1_L1,Cppa,653,412,550,671,603,372,53,27,254,739,1463,1917,1542,1462,1590,2073,1092,1313,518,-80,158,1731,2690,3110,3101,3705,3166,3301,2308,3470,3509,3283,3263,3696,3015,3122,666,448,972,3273,5494,6448,5881,6434,5364,5149,5861,5128,5923,5568,6080,5270,5308,4745,5450,4197,4636,4357,3888,3777,480,318,1370,3050,3978,4321,4415,4205,4612,4431
20110218_RW10890_pal-1_L1,Cppp,653,412,550,671,603,372,53,27,254,739,1463,1917,1542,1462,1590,2073,1092,1313,518,-80,158,1731,2690,3110,3101,3705,3166,3301,2308,3470,3509,3283,3263,3696,3015,3122,666,448,972,3273,5494,6448,5881,6434,5364,5149,5861,5128,5923,5568,6080,5270,5308,4745,5450,4197,4636,4357,3888,3777,480,318,728,1821,2758,3642,4550,4330,3764,4046
20110218_RW10890_pal-1_L1,Da,653,412,550,671,603,372,53,27,2,802,1560,1816,1696,1637,1425,1699,1641,1992,1679,2459,2032,2367,2098,1851,331,-81,764,2900,2937,3550,4454,3919,3761,4663,3972,4812,4454,3930,3753,5086,4724,3536,4256,4509,4794,4803,4178,3504,944,411,426,2629,4211,4551,4691,4457,5086,4988,4730,4781,4151,4575,3917,4288,4577,4318,5156,5264,4020,4524
20110218_RW10890_pal-1_L1,Dp,653,412,550,671,603,372,53,27,2,802,1560,1816,1696,1637,1425,1699,1641,1992,1679,2459,2032,2367,2098,1851,331,-81,764,2900,2937,3550,4454,3919,3761,4663,3972,4812,4454,3930,3753,5086,4724,3536,4256,4509,4794,4803,4178,3504,944,411,356,3156,5777,6288,6442,6433,5625,6372,6546,6237,6498,6233,5630,4408,4618,4297,5232,4631,4828,3923
20110218_RW10890_pal-1_L1,Z2,653,412,550,671,603,372,53,27,2,802,1560,1816,1696,1637,1425,1699,1641,1992,1679,2459,2032,2367,2098,1851,331,-81,930,2342,2913,2915,3102,3706,3211,3342,3547,3648,3423,3838,3374,2666,3644,3045,2840,2407,2286,2361,2886,3339,3338,2895,2899,2780,3831,2659,2584,3153,3583,3616,2957,3388,3289,2176,2384,1815,2012,-154,137,878,650,606
20110218_RW10890_pal-1_L1,Z3,653,412,550,671,603,372,53,27,2,802,1560,1816,1696,1637,1425,1699,1641,1992,1679,2459,2032,2367,2098,1851,331,-81,930,2342,2913,2915,3102,3706,3211,3342,3547,3648,3423,3838,3374,2666,3644,3045,2840,2407,2286,2361,2886,3339,3338,2895,2899,2780,3831,2659,2584,3153,3583,3616,2957,3388,3289,2176,2384,1815,2012,-154,137,133,1588,1474
