cellTime,cell,time,none,global,local,blot,cross,z,x,y,size,gweight,zraw
AB:1,AB,1,0,0,0,0,0,0,0,0,0,0,0
ABa:17,ABa,17,8703,-16297,225,225,8703,13.9,178,250,90,2557733,33.7
ABal:34,ABal,34,8939,-16061,197,197,8939,7.2,167,265,72,1618598,30.8
ABala:52,ABala,52,9596,-15404,404,404,9596,24.3,143,247,68,1561955,38.1
ABalaa:74,ABalaa,74,9536,-15464,184,184,9536,42.1,127,279,59,1190229,45.9
ABalaaa:104,ABalaaa,104,9303,-15697,-59,-59,9303,17.4,107,274,51,884200,35.2
ABalaaaa:133,ABalaaaa,133,9060,-15940,-61,-62,9060,20.6,113,264,45,496249,36.6
ABalaaaal:172,ABalaaaal,172,9571,-15429,2,0,9571,9.4,116,297,40,498718,31.8
ABalaaaala:240,ABalaaaala,240,8902,-16098,-29,-34,8902,26,109,313,31,226796,38.9
ABalaaaalal:325,ABalaaaalal,325,0,0,0,0,0,0,0,0,0,0,0
ABalaaaalar:325,ABalaaaalar,325,0,0,0,0,0,0,0,0,0,0,0
ABalaaaalp:240,ABalaaaalp,240,8892,-16108,-34,-35,8892,24.3,146,348,33,256453,38.2
ABalaaaalpa:370,ABalaaaalpa,370,0,0,0,0,0,0,0,0,0,0,0
ABalaaaalpp:370,ABalaaaalpp,370,0,0,0,0,0,0,0,0,0,0,0
ABalaaaar:172,ABalaaaar,172,9547,-15453,-30,-32,9547,18.4,97,250,40,539421,35.6
ABalaaaarl:240,ABalaaaarl,240,8874,-16126,-31,-29,8874,22.2,93,268,33,265090,37.3
ABalaaaarla:315,ABalaaaarla,315,0,0,0,0,0,0,0,0,0,0,0
ABalaaaarlp:315,ABalaaaarlp,315,0,0,0,0,0,0,0,0,0,0,0
ABalaaaarr:240,ABalaaaarr,240,8853,-16147,-62,-65,8853,26.1,115,208,30,214409,38.9
ABalaaaarra:315,ABalaaaarra,315,0,0,0,0,0,0,0,0,0,0,0
ABalaaaarrp:315,ABalaaaarrp,315,0,0,0,0,0,0,0,0,0,0,0
ABalaaap:133,ABalaaap,133,9051,-15949,-13,-16,9051,10.7,143,220,45,462854,32.3
ABalaaapa:172,ABalaaapa,172,9561,-15439,-4,-2,9561,1,106,238,39,441926,28.2
ABalaaapal:230,ABalaaapal,230,8999,-16001,-32,-32,8999,8.8,101,292,33,250042,31.5
ABalaaapall:285,ABalaaapall,285,0,0,0,0,0,0,0,0,0,0,0
ABalaaapalr:285,ABalaaapalr,285,0,0,0,0,0,0,0,0,0,0,0
ABalaaapar:230,ABalaaapar,230,9025,-15975,43,54,9025,2.4,92,243,32,256195,28.8
ABalaaaparl:295,ABalaaaparl,295,0,0,0,0,0,0,0,0,0,0,0
ABalaaaparr:295,ABalaaaparr,295,0,0,0,0,0,0,0,0,0,0,0
ABalaaapp:172,ABalaaapp,172,9546,-15454,-31,-29,9546,1.5,138,198,38,402797,28.4
ABalaaappl:230,ABalaaappl,230,7960,-14408,-39,-42,7960,2.5,104,210,31,188557,28.8
ABalaaappll:295,ABalaaappll,295,0,0,0,0,0,0,0,0,0,0,0
ABalaaapplr:295,ABalaaapplr,295,0,0,0,0,0,0,0,0,0,0,0
ABalaaappr:230,ABalaaappr,230,8971,-16029,-18,-27,8971,13.8,122,180,32,244611,33.6
ABalaaapprl:285,ABalaaapprl,285,0,0,0,0,0,0,0,0,0,0,0
ABalaaapprr:285,ABalaaapprr,285,0,0,0,0,0,0,0,0,0,0,0
ABalaap:104,ABalaap,104,9314,-15686,-119,-101,9314,33.1,164,320,52,833626,42
ABalaapa:133,ABalaapa,133,9099,-15901,-37,-40,9099,22.4,180,240,43,424669,37.4
ABalaapaa:172,ABalaapaa,172,9578,-15422,-25,-26,9578,24.3,143,174,38,468143,38.2
ABalaapaaa:240,ABalaapaaa,240,8901,-16099,-30,-13,8901,35.8,161,180,31,239677,43.1
ABalaapaaal:325,ABalaapaaal,325,0,0,0,0,0,0,0,0,0,0,0
ABalaapaaar:325,ABalaapaaar,325,0,0,0,0,0,0,0,0,0,0,0
ABalaapaap:240,ABalaapaap,240,8884,-16116,-7,-1,8884,40.8,189,154,33,275753,45.3
ABalaapaapa:320,ABalaapaapa,320,0,0,0,0,0,0,0,0,0,0,0
ABalaapaapp:320,ABalaapaapp,320,0,0,0,0,0,0,0,0,0,0,0
ABalaapap:172,ABalaapap,172,9544,-15456,-58,-53,9544,24.5,186,159,36,414581,38.2
ABalaapapa:240,ABalaapapa,240,8812,-16188,-77,-60,8812,31.5,181,131,30,255896,41.3
ABalaapapp:240,ABalaapapp,240,8913,-16087,41,30,8913,31.6,214,124,33,255922,41.3
ABalaapappa:295,ABalaapappa,295,0,0,0,0,0,0,0,0,0,0,0
ABalaapappp:295,ABalaapappp,295,0,0,0,0,0,0,0,0,0,0,0
ABalaapp:133,ABalaapp,133,9017,-15983,-84,-78,9017,20.9,244,230,44,378576,36.7
ABalaappa:172,ABalaappa,172,9528,-15472,-56,-54,9528,4.4,177,166,37,408919,29.6
ABalaappaa:240,ABalaappaa,240,8934,-16066,25,28,8934,22.4,148,168,29,254338,37.4
ABalaappap:240,ABalaappap,240,8878,-16122,-39,-31,8878,19.7,166,148,31,223495,36.2
ABalaappapa:295,ABalaappapa,295,0,0,0,0,0,0,0,0,0,0,0
ABalaappapp:295,ABalaappapp,295,0,0,0,0,0,0,0,0,0,0,0
ABalaappp:172,ABalaappp,172,9529,-15471,-45,-47,9529,-8.8,213,161,38,363049,23.9
ABalaapppa:225,ABalaapppa,225,8922,-16078,-73,-72,8922,1,142,172,34,283704,28.1
ABalaapppaa:315,ABalaapppaa,315,0,0,0,0,0,0,0,0,0,0,0
ABalaapppap:315,ABalaapppap,315,0,0,0,0,0,0,0,0,0,0,0
ABalaapppp:225,ABalaapppp,225,8947,-16053,-34,-40,8947,-4.1,173,141,35,247001,26
ABalaappppa:290,ABalaappppa,290,0,0,0,0,0,0,0,0,0,0,0
ABalaappppaa:410,ABalaappppaa,410,0,0,0,0,0,0,0,0,0,0,0
ABalaappppap:410,ABalaappppap,410,0,0,0,0,0,0,0,0,0,0,0
ABalaappppp:290,ABalaappppp,290,0,0,0,0,0,0,0,0,0,0,0
ABalap:74,ABalap,74,9398,-15602,117,117,9398,2.8,156,219,60,1222148,28.9
ABalapa:104,ABalapa,104,9327,-15673,-14,-14,9327,-4.3,146,213,52,701037,25.9
ABalapaa:133,ABalapaa,133,9025,-15975,-8,-6,9025,-10.5,141,201,46,400413,23.2
ABalapaaa:172,ABalapaaa,172,9480,-15520,-25,-21,9480,-14.5,131,278,38,397638,21.5
ABalapaaaa:220,ABalapaaaa,220,8954,-16046,-15,-19,8954,-7.6,104,290,32,250550,24.4
ABalapaaaaa:340,ABalapaaaaa,340,0,0,0,0,0,0,0,0,0,0,0
ABalapaaaap:340,ABalapaaaap,340,0,0,0,0,0,0,0,0,0,0,0
ABalapaaap:220,ABalapaaap,220,8959,-16041,-20,-21,8959,-18.6,137,297,34,239410,19.8
ABalapaaapa:290,ABalapaaapa,290,0,0,0,0,0,0,0,0,0,0,0
ABalapaaapp:290,ABalapaaapp,290,0,0,0,0,0,0,0,0,0,0,0
ABalapaap:172,ABalapaap,172,9482,-15518,-12,-14,9482,-25.6,169,282,38,306458,16.7
ABalapaapa:221,ABalapaapa,221,8957,-16043,-49,-58,8957,-4.6,140,325,33,257710,25.7
ABalapaapaa:320,ABalapaapaa,320,0,0,0,0,0,0,0,0,0,0,0
ABalapaapap:320,ABalapaapap,320,0,0,0,0,0,0,0,0,0,0,0
ABalapaapp:221,ABalapaapp,221,8983,-16017,-1,-1,8983,-15.8,168,332,33,201577,21
ABalapaappa:285,ABalapaappa,285,0,0,0,0,0,0,0,0,0,0,0
ABalapaappaa:395,ABalapaappaa,395,0,0,0,0,0,0,0,0,0,0,0
ABalapaappap:395,ABalapaappap,395,0,0,0,0,0,0,0,0,0,0,0
ABalapaappp:285,ABalapaappp,285,0,0,0,0,0,0,0,0,0,0,0
ABalapap:133,ABalapap,133,8969,-16031,-23,-23,8969,-24.2,194,220,43,270015,17.3
ABalapapa:172,ABalapapa,172,9471,-15529,-45,-47,9471,-16.8,171,291,36,285657,20.5
ABalapapaa:221,ABalapapaa,221,8913,-16087,-14,-11,8913,-32.6,136,260,30,198356,13.7
ABalapapap:221,ABalapapap,221,8902,-16098,-68,-69,8902,-46,179,290,32,155675,8
ABalapapapa:285,ABalapapapa,285,0,0,0,0,0,0,0,0,0,0,0
ABalapapapaa:405,ABalapapapaa,405,0,0,0,0,0,0,0,0,0,0,0
ABalapapapap:405,ABalapapapap,405,0,0,0,0,0,0,0,0,0,0,0
ABalapapapp:285,ABalapapapp,285,0,0,0,0,0,0,0,0,0,0,0
ABalapapp:172,ABalapapp,172,9489,-15511,-53,-52,9489,-14.3,232,307,37,231771,21.6
ABalapappa:215,ABalapappa,215,9068,-15932,4,3,9068,-19.8,206,321,34,185394,19.2
ABalapappaa:280,ABalapappaa,280,0,0,0,0,0,0,0,0,0,0,0
ABalapappaaa:395,ABalapappaaa,395,0,0,0,0,0,0,0,0,0,0,0
ABalapappaap:395,ABalapappaap,395,0,0,0,0,0,0,0,0,0,0,0
ABalapappap:280,ABalapappap,280,0,0,0,0,0,0,0,0,0,0,0
ABalapappp:215,ABalapappp,215,9026,-15974,-48,-47,9026,-25.4,262,325,31,134676,16.8
ABalapapppa:290,ABalapapppa,290,0,0,0,0,0,0,0,0,0,0,0
ABalapapppp:290,ABalapapppp,290,0,0,0,0,0,0,0,0,0,0,0
ABalapp:104,ABalapp,104,9358,-15642,7,6,9358,18.9,226,261,52,669033,35.8
ABalappa:133,ABalappa,133,9070,-15930,13,14,9070,-1.8,207,208,43,341179,26.9
ABalappaa:172,ABalappaa,172,9492,-15508,-39,-40,9492,-15.3,134,231,36,353749,21.1
ABalappaaa:240,ABalappaaa,240,8787,-16213,-31,-26,8787,-10.3,99,237,30,251550,23.3
ABalappaap:240,ABalappaap,240,8866,-16134,39,36,8866,-20.9,125,249,34,241616,18.8
ABalappaapa:340,ABalappaapa,340,0,0,0,0,0,0,0,0,0,0,0
ABalappaapp:340,ABalappaapp,340,0,0,0,0,0,0,0,0,0,0,0
ABalappap:172,ABalappap,172,9558,-15442,16,21,9558,-20.4,176,205,39,374703,19
ABalappapa:225,ABalappapa,225,8949,-16051,7,10,8949,-15.1,123,192,32,237884,21.3
ABalappapaa:330,ABalappapaa,330,0,0,0,0,0,0,0,0,0,0,0
ABalappapap:330,ABalappapap,330,0,0,0,0,0,0,0,0,0,0,0
ABalappapp:225,ABalappapp,225,8994,-16006,21,20,8994,-15.2,160,167,34,237448,21.2
ABalappappa:290,ABalappappa,290,0,0,0,0,0,0,0,0,0,0,0
ABalappappp:290,ABalappappp,290,0,0,0,0,0,0,0,0,0,0,0
ABalappp:133,ABalappp,133,9028,-15972,11,11,9028,0.1,279,244,45,298739,27.8
ABalapppa:172,ABalapppa,172,9493,-15507,-29,-27,9493,-18.6,220,209,39,283203,19.7
ABalapppaa:221,ABalapppaa,221,9049,-15951,3,5,9049,-22.2,150,211,31,186616,18.2
ABalapppaaa:305,ABalapppaaa,305,0,0,0,0,0,0,0,0,0,0,0
ABalapppaap:305,ABalapppaap,305,0,0,0,0,0,0,0,0,0,0,0
ABalapppap:221,ABalapppap,221,9077,-15923,11,10,9077,-26.7,189,195,34,209034,16.2
ABalapppapa:285,ABalapppapa,285,0,0,0,0,0,0,0,0,0,0,0
ABalapppapaa:405,ABalapppapaa,405,0,0,0,0,0,0,0,0,0,0,0
ABalapppapap:405,ABalapppapap,405,0,0,0,0,0,0,0,0,0,0,0
ABalapppapp:285,ABalapppapp,285,0,0,0,0,0,0,0,0,0,0,0
ABalapppp:172,ABalapppp,172,9530,-15470,-24,-20,9530,-8.7,284,196,40,314022,24
ABalappppa:215,ABalappppa,215,9035,-15965,-21,-21,9035,-16.6,227,156,34,238858,20.6
ABalappppaa:280,ABalappppaa,280,0,0,0,0,0,0,0,0,0,0,0
ABalappppaaa:395,ABalappppaaa,395,0,0,0,0,0,0,0,0,0,0,0
ABalappppaap:395,ABalappppaap,395,0,0,0,0,0,0,0,0,0,0,0
ABalappppap:280,ABalappppap,280,0,0,0,0,0,0,0,0,0,0,0
ABalappppp:215,ABalappppp,215,9032,-15968,-17,-24,9032,-22.6,280,162,32,164362,18
ABalapppppa:290,ABalapppppa,290,0,0,0,0,0,0,0,0,0,0,0
ABalapppppp:290,ABalapppppp,290,0,0,0,0,0,0,0,0,0,0,0
ABalp:52,ABalp,52,9497,-15503,318,318,9497,15.6,210,357,68,1526030,34.4
ABalpa:74,ABalpa,74,9477,-15523,155,155,9477,15.2,170,357,60,1321918,34.2
ABalpaa:104,ABalpaa,104,9294,-15706,-56,-57,9294,-9.9,166,343,52,756986,23.4
ABalpaaa:133,ABalpaaa,133,9069,-15931,-78,-73,9069,24.7,115,305,44,485148,38.4
ABalpaaaa:172,ABalpaaaa,172,9569,-15431,-106,-111,9569,48.6,132,267,39,542167,48.7
ABalpaaaaa:235,ABalpaaaaa,235,8938,-16062,-98,-99,8938,54.4,152,297,37,399602,51.2
ABalpaaaaaa:320,ABalpaaaaaa,320,0,0,0,0,0,0,0,0,0,0,0
ABalpaaaaap:320,ABalpaaaaap,320,0,0,0,0,0,0,0,0,0,0,0
ABalpaaaap:235,ABalpaaaap,235,8973,-16027,-84,-96,8973,55.1,197,295,32,307339,51.5
ABalpaaaapa:320,ABalpaaaapa,320,0,0,0,0,0,0,0,0,0,0,0
ABalpaaaapp:320,ABalpaaaapp,320,0,0,0,0,0,0,0,0,0,0,0
ABalpaaap:172,ABalpaaap,172,9583,-15417,-126,-147,9583,48.8,176,288,38,494960,48.7
ABalpaaapa:235,ABalpaaapa,235,8969,-16031,-87,-103,8969,39.5,204,300,32,289191,44.8
ABalpaaapaa:345,ABalpaaapaa,345,0,0,0,0,0,0,0,0,0,0,0
ABalpaaapap:345,ABalpaaapap,345,0,0,0,0,0,0,0,0,0,0,0
ABalpaaapp:235,ABalpaaapp,235,8975,-16025,-40,-50,8975,31.6,238,288,33,296610,41.3
ABalpaaappa:340,ABalpaaappa,340,0,0,0,0,0,0,0,0,0,0,0
ABalpaaappp:340,ABalpaaappp,340,0,0,0,0,0,0,0,0,0,0,0
ABalpaap:133,ABalpaap,133,9007,-15993,-67,-68,9007,-0.3,153,325,46,416861,27.6
ABalpaapa:172,ABalpaapa,172,9504,-15496,-58,-60,9504,20.7,121,307,42,466172,36.6
ABalpaapaa:221,ABalpaapaa,221,9199,-15801,-10,-18,9199,39.7,116,267,33,305991,44.8
ABalpaapaaa:300,ABalpaapaaa,300,0,0,0,0,0,0,0,0,0,0,0
ABalpaapaap:300,ABalpaapaap,300,0,0,0,0,0,0,0,0,0,0,0
ABalpaapap:221,ABalpaapap,221,9236,-15764,-54,-69,9236,37.9,155,303,37,359802,44
ABalpaapapa:280,ABalpaapapa,280,0,0,0,0,0,0,0,0,0,0,0
ABalpaapapp:280,ABalpaapapp,280,0,0,0,0,0,0,0,0,0,0,0
ABalpaapp:172,ABalpaapp,172,9542,-15458,-78,-81,9542,25.1,182,315,38,407543,38.5
ABalpaappa:230,ABalpaappa,230,9098,-15902,-13,-8,9098,34.9,152,341,33,329983,42.8
ABalpaappaa:305,ABalpaappaa,305,0,0,0,0,0,0,0,0,0,0,0
ABalpaappap:305,ABalpaappap,305,0,0,0,0,0,0,0,0,0,0,0
ABalpaappp:230,ABalpaappp,230,9091,-15909,-77,-93,9091,32.4,202,339,33,311431,41.7
ABalpaapppa:295,ABalpaapppa,295,0,0,0,0,0,0,0,0,0,0,0
ABalpaapppp:295,ABalpaapppp,295,0,0,0,0,0,0,0,0,0,0,0
ABalpap:104,ABalpap,104,9349,-15651,-65,-63,9349,21.3,234,394,53,864955,36.9
ABalpapa:133,ABalpapa,133,9076,-15924,-81,-84,9076,32.5,157,357,46,539544,41.7
ABalpapaa:172,ABalpapaa,172,9561,-15439,-103,-115,9561,49,157,322,38,514136,48.8
ABalpapaaa:225,ABalpapaaa,225,9067,-15933,-95,-98,9067,52.4,187,335,35,352687,50.3
ABalpapaaaa:285,ABalpapaaaa,285,0,0,0,0,0,0,0,0,0,0,0
ABalpapaaap:285,ABalpapaaap,285,0,0,0,0,0,0,0,0,0,0,0
ABalpapaap:225,ABalpapaap,225,9060,-15940,-51,-53,9060,53.5,231,321,32,324941,50.8
ABalpapaapa:310,ABalpapaapa,310,0,0,0,0,0,0,0,0,0,0,0
ABalpapaapp:310,ABalpapaapp,310,0,0,0,0,0,0,0,0,0,0,0
ABalpapap:172,ABalpapap,172,9591,-15409,-85,-95,9591,50,216,323,38,454138,49.2
ABalpapapa:225,ABalpapapa,225,9096,-15904,-68,-81,9096,50.4,254,346,35,356952,49.4
ABalpapapaa:285,ABalpapapaa,285,0,0,0,0,0,0,0,0,0,0,0
ABalpapapap:285,ABalpapapap,285,0,0,0,0,0,0,0,0,0,0,0
ABalpapapapa:390,ABalpapapapa,390,0,0,0,0,0,0,0,0,0,0,0
ABalpapapapp:390,ABalpapapapp,390,0,0,0,0,0,0,0,0,0,0,0
ABalpapapp:225,ABalpapapp,225,9141,-15859,-50,-66,9141,50.6,299,344,33,342631,49.5
ABalpapappa:305,ABalpapappa,305,0,0,0,0,0,0,0,0,0,0,0
ABalpapappp:305,ABalpapappp,305,0,0,0,0,0,0,0,0,0,0,0
ABalpapp:133,ABalpapp,133,9086,-15914,-101,-92,9086,39.2,232,378,46,484144,44.6
ABalpappa:172,ABalpappa,172,9562,-15438,-68,-75,9562,53.9,232,325,39,454490,50.9
ABalpappaa:215,ABalpappaa,215,9198,-15802,-64,-71,9198,52.4,236,285,33,345801,50.3
ABalpappaaa:300,ABalpappaaa,300,0,0,0,0,0,0,0,0,0,0,0
ABalpappaap:300,ABalpappaap,300,0,0,0,0,0,0,0,0,0,0,0
ABalpappaapa:390,ABalpappaapa,390,0,0,0,0,0,0,0,0,0,0,0
ABalpappaapp:390,ABalpappaapp,390,0,0,0,0,0,0,0,0,0,0,0
ABalpappap:215,ABalpappap,215,9237,-15763,-49,-69,9237,52.2,282,292,35,385447,50.2
ABalpappapa:270,ABalpappapa,270,0,0,0,0,0,0,0,0,0,0,0
ABalpappapp:270,ABalpappapp,270,0,0,0,0,0,0,0,0,0,0,0
ABalpappp:172,ABalpappp,172,9543,-15457,-202,-196,9543,54.6,287,324,43,500857,51.2
ABalpapppa:212,ABalpapppa,212,9201,-15799,-123,-134,9201,40.2,286,309,34,384256,45.1
ABalpapppaa:320,ABalpapppaa,320,0,0,0,0,0,0,0,0,0,0,0
ABalpapppap:320,ABalpapppap,320,0,0,0,0,0,0,0,0,0,0,0
ABalpapppp:212,ABalpapppp,212,9209,-15791,-161,-177,9209,43.8,335,303,38,418302,46.6
ABalpappppa:260,ABalpappppa,260,0,0,0,0,0,0,0,0,0,0,0
ABalpappppp:260,ABalpappppp,260,0,0,0,0,0,0,0,0,0,0,0
ABalpp:74,ABalpp,74,9372,-15628,106,106,9372,-10.3,268,370,59,946344,23.2
ABalppa:104,ABalppa,104,9312,-15688,-15,-15,9312,-16.9,263,377,52,615604,20.5
ABalppaa:133,ABalppaa,133,9098,-15902,10,7,9098,5,174,374,44,465016,29.9
ABalppaaa:172,ABalppaaa,172,9581,-15419,-1,-2,9581,12.9,152,346,37,435118,33.2
ABalppaaaa:235,ABalppaaaa,235,8906,-16094,35,42,8906,7.9,111,326,31,286619,31.1
ABalppaaap:235,ABalppaaap,235,8934,-16066,30,15,8934,11,144,343,33,256655,32.4
ABalppaaapa:300,ABalppaaapa,300,0,0,0,0,0,0,0,0,0,0,0
ABalppaaapp:300,ABalppaaapp,300,0,0,0,0,0,0,0,0,0,0,0
ABalppaap:172,ABalppaap,172,9565,-15435,-78,-77,9565,29.5,181,375,37,466253,40.4
ABalppaapa:230,ABalppaapa,230,8891,-16109,-38,-35,8891,19.4,164,379,30,250336,36.1
ABalppaapp:230,ABalppaapp,230,8911,-16089,-58,-64,8911,17.3,200,386,34,262750,35.2
ABalppaappa:305,ABalppaappa,305,0,0,0,0,0,0,0,0,0,0,0
ABalppaappp:305,ABalppaappp,305,0,0,0,0,0,0,0,0,0,0,0
ABalppap:133,ABalppap,133,9039,-15961,-51,-57,9039,10.2,228,343,45,393031,32.1
ABalppapa:172,ABalppapa,172,9564,-15436,-63,-66,9564,31.8,208,350,38,461925,41.4
ABalppapaa:220,ABalppapaa,220,8999,-16001,-33,-36,8999,39.9,195,377,31,290996,44.9
ABalppapaaa:300,ABalppapaaa,300,0,0,0,0,0,0,0,0,0,0,0
ABalppapaap:300,ABalppapaap,300,0,0,0,0,0,0,0,0,0,0,0
ABalppapap:220,ABalppapap,220,8963,-16037,-108,-121,8963,37.5,234,356,32,311315,43.9
ABalppapapa:295,ABalppapapa,295,0,0,0,0,0,0,0,0,0,0,0
ABalppapapp:295,ABalppapapp,295,0,0,0,0,0,0,0,0,0,0,0
ABalppapp:172,ABalppapp,172,9592,-15408,-84,-88,9592,42.1,251,374,40,494332,45.9
ABalppappa:215,ABalppappa,215,9090,-15910,-9,-15,9090,47.6,232,382,33,332212,48.2
ABalppappaa:290,ABalppappaa,290,0,0,0,0,0,0,0,0,0,0,0
ABalppappap:290,ABalppappap,290,0,0,0,0,0,0,0,0,0,0,0
ABalppappp:215,ABalppappp,215,9100,-15900,-37,-51,9100,47.3,279,382,34,339618,48.1
ABalppapppa:285,ABalppapppa,285,0,0,0,0,0,0,0,0,0,0,0
ABalppapppaa:410,ABalppapppaa,410,0,0,0,0,0,0,0,0,0,0,0
ABalppapppap:410,ABalppapppap,410,0,0,0,0,0,0,0,0,0,0,0
ABalppapppp:285,ABalppapppp,285,0,0,0,0,0,0,0,0,0,0,0
ABalppp:104,ABalppp,104,9413,-15587,20,21,9413,11,338,400,52,835075,32.4
ABalpppa:133,ABalpppa,133,9010,-15990,-62,-64,9010,9.5,272,344,45,372627,31.8
ABalpppaa:172,ABalpppaa,172,9533,-15467,-11,-10,9533,0.7,188,333,38,396434,28
ABalpppaaa:235,ABalpppaaa,235,8989,-16011,8,7,8989,0.7,170,369,31,244744,28
ABalpppaaaa:315,ABalpppaaaa,315,0,0,0,0,0,0,0,0,0,0,0
ABalpppaaap:315,ABalpppaaap,315,0,0,0,0,0,0,0,0,0,0,0
ABalpppaap:235,ABalpppaap,235,8921,-16079,-34,-18,8921,-18.5,193,366,31,213729,19.8
ABalpppaapd:325,ABalpppaapd,325,0,0,0,0,0,0,0,0,0,0,0
ABalpppaapv:325,ABalpppaapv,325,0,0,0,0,0,0,0,0,0,0,0
ABalpppap:172,ABalpppap,172,9509,-15491,-74,-79,9509,5,238,359,39,368929,29.8
ABalpppapa:225,ABalpppapa,225,9054,-15946,-23,-23,9054,-3.3,200,388,33,243685,26.3
ABalpppapad:300,ABalpppapad,300,0,0,0,0,0,0,0,0,0,0,0
ABalpppapav:300,ABalpppapav,300,0,0,0,0,0,0,0,0,0,0,0
ABalpppapp:225,ABalpppapp,225,9069,-15931,-18,-25,9069,-0.7,238,399,34,271101,27.5
ABalpppappa:285,ABalpppappa,285,0,0,0,0,0,0,0,0,0,0,0
ABalpppappp:285,ABalpppappp,285,0,0,0,0,0,0,0,0,0,0,0
ABalpppapppa:380,ABalpppapppa,380,0,0,0,0,0,0,0,0,0,0,0
ABalpppapppp:380,ABalpppapppp,380,0,0,0,0,0,0,0,0,0,0,0
ABalpppp:133,ABalpppp,133,9078,-15922,-1,-2,9078,12.2,343,383,46,415284,33
ABalppppa:172,ABalppppa,172,9489,-15511,-75,-79,9489,-3.8,270,365,40,399941,26.1
ABalppppaa:221,ABalppppaa,221,9082,-15918,-4,-4,9082,-3.8,220,354,33,248229,26
ABalppppaad:290,ABalppppaad,290,0,0,0,0,0,0,0,0,0,0,0
ABalppppaav:290,ABalppppaav,290,0,0,0,0,0,0,0,0,0,0,0
ABalppppap:221,ABalppppap,221,9061,-15939,-13,-11,9061,-18.2,252,362,34,237144,19.9
ABalppppapa:300,ABalppppapa,300,0,0,0,0,0,0,0,0,0,0,0
ABalppppapaa:410,ABalppppapaa,410,0,0,0,0,0,0,0,0,0,0,0
ABalppppapap:410,ABalppppapap,410,0,0,0,0,0,0,0,0,0,0,0
ABalppppapp:300,ABalppppapp,300,0,0,0,0,0,0,0,0,0,0,0
ABalppppp:172,ABalppppp,172,9507,-15493,-45,-50,9507,1.8,328,399,41,421270,28.5
ABalpppppa:215,ABalpppppa,215,9111,-15889,-48,-51,9111,-5.8,270,392,32,244620,25.2
ABalpppppaa:280,ABalpppppaa,280,0,0,0,0,0,0,0,0,0,0,0
ABalpppppap:280,ABalpppppap,280,0,0,0,0,0,0,0,0,0,0,0
ABalpppppp:215,ABalpppppp,215,9079,-15921,-107,-110,9079,-8.3,317,400,37,295958,24.2
ABalppppppa:260,ABalppppppa,260,0,0,0,0,0,0,0,0,0,0,0
ABalppppppaa:350,ABalppppppaa,350,0,0,0,0,0,0,0,0,0,0,0
ABalppppppap:350,ABalppppppap,350,0,0,0,0,0,0,0,0,0,0,0
ABalppppppp:260,ABalppppppp,260,0,0,0,0,0,0,0,0,0,0,0
ABalpppppppa:350,ABalpppppppa,350,0,0,0,0,0,0,0,0,0,0,0
ABalpppppppp:350,ABalpppppppp,350,0,0,0,0,0,0,0,0,0,0,0
ABar:34,ABar,34,8979,-16021,204,204,8979,28.5,277,161,69,1207328,40
ABara:52,ABara,52,9576,-15424,381,381,9576,45.8,261,172,67,1264802,47.4
ABaraa:74,ABaraa,74,9416,-15584,56,53,9416,48.9,199,194,57,995921,48.8
ABaraaa:104,ABaraaa,104,9313,-15687,-108,-110,9313,36.6,141,211,52,874430,43.4
ABaraaaa:133,ABaraaaa,133,9088,-15912,-49,-49,9088,38.5,130,216,43,517200,44.3
ABaraaaaa:172,ABaraaaaa,172,9559,-15441,-39,-45,9559,32.8,113,227,37,497986,41.9
ABaraaaaaa:240,ABaraaaaaa,240,8603,-15591,-18,-19,8603,39.3,107,255,34,311053,44.6
ABaraaaaaaa:325,ABaraaaaaaa,325,0,0,0,0,0,0,0,0,0,0,0
ABaraaaaaap:325,ABaraaaaaap,325,0,0,0,0,0,0,0,0,0,0,0
ABaraaaaap:240,ABaraaaaap,240,8942,-16058,-7,-2,8942,42.1,144,209,31,266524,45.9
ABaraaaaapa:330,ABaraaaaapa,330,0,0,0,0,0,0,0,0,0,0,0
ABaraaaaapp:330,ABaraaaaapp,330,0,0,0,0,0,0,0,0,0,0,0
ABaraaaap:172,ABaraaaap,172,9558,-15442,-54,-57,9558,31.7,153,227,37,478700,41.4
ABaraaaapa:245,ABaraaaapa,245,8806,-16194,-50,-57,8806,23.5,129,239,30,262528,37.8
ABaraaaapaa:325,ABaraaaapaa,325,0,0,0,0,0,0,0,0,0,0,0
ABaraaaapap:325,ABaraaaapap,325,0,0,0,0,0,0,0,0,0,0,0
ABaraaaapp:245,ABaraaaapp,245,8875,-16125,-6,-25,8875,9.1,162,258,31,235168,31.6
ABaraaap:133,ABaraaap,133,9029,-15971,-81,-83,9029,29.2,193,170,46,505603,40.3
ABaraaapa:172,ABaraaapa,172,9564,-15436,-41,-50,9564,41.7,175,183,39,426065,45.7
ABaraaapaa:221,ABaraaapaa,221,9159,-15841,-75,-74,9159,45.2,145,235,33,317694,47.1
ABaraaapaaa:295,ABaraaapaaa,295,0,0,0,0,0,0,0,0,0,0,0
ABaraaapaap:295,ABaraaapaap,295,0,0,0,0,0,0,0,0,0,0,0
ABaraaapap:221,ABaraaapap,221,9203,-15797,-60,-76,9203,41.7,187,220,35,328801,45.6
ABaraaapapa:280,ABaraaapapa,280,0,0,0,0,0,0,0,0,0,0,0
ABaraaapapp:280,ABaraaapapp,280,0,0,0,0,0,0,0,0,0,0,0
ABaraaapp:172,ABaraaapp,172,9573,-15427,-55,-59,9573,49.9,224,167,37,472199,49.2
ABaraaappa:232,ABaraaappa,232,8980,-16020,-70,-73,8980,51.4,177,193,33,323630,49.8
ABaraaappaa:305,ABaraaappaa,305,0,0,0,0,0,0,0,0,0,0,0
ABaraaappap:305,ABaraaappap,305,0,0,0,0,0,0,0,0,0,0,0
ABaraaappp:232,ABaraaappp,232,9002,-15998,-73,-97,9002,52.4,226,193,31,277801,50.3
ABaraaapppa:300,ABaraaapppa,300,0,0,0,0,0,0,0,0,0,0,0
ABaraaapppp:300,ABaraaapppp,300,0,0,0,0,0,0,0,0,0,0,0
ABaraap:104,ABaraap,104,9313,-15687,-164,-155,9313,55.8,218,234,52,740026,51.8
ABaraapa:133,ABaraapa,133,9054,-15946,-126,-124,9054,54.8,174,218,45,466440,51.3
ABaraapaa:172,ABaraapaa,172,9582,-15418,-90,-99,9582,44.5,170,246,38,467161,46.9
ABaraapaaa:230,ABaraapaaa,230,9022,-15978,-125,-135,9022,32.6,152,268,31,276097,41.8
ABaraapaaaa:300,ABaraapaaaa,300,0,0,0,0,0,0,0,0,0,0,0
ABaraapaaap:300,ABaraapaaap,300,0,0,0,0,0,0,0,0,0,0,0
ABaraapaap:230,ABaraapaap,230,9130,-15870,-16,-28,9130,20.8,192,265,33,277029,36.6
ABaraapaapa:285,ABaraapaapa,285,0,0,0,0,0,0,0,0,0,0,0
ABaraapaapp:285,ABaraapaapp,285,0,0,0,0,0,0,0,0,0,0,0
ABaraapap:172,ABaraapap,172,9567,-15433,-120,-134,9567,40.3,220,264,40,474503,45.1
ABaraapapa:230,ABaraapapa,230,9019,-15981,-121,-112,9019,16.6,219,293,34,259728,34.8
ABaraapapaa:280,ABaraapapaa,280,0,0,0,0,0,0,0,0,0,0,0
ABaraapapaad:410,ABaraapapaad,410,0,0,0,0,0,0,0,0,0,0,0
ABaraapapaav:410,ABaraapapaav,410,0,0,0,0,0,0,0,0,0,0,0
ABaraapapap:280,ABaraapapap,280,0,0,0,0,0,0,0,0,0,0,0
ABaraapapp:230,ABaraapapp,230,9042,-15958,-123,-128,9042,10,260,291,33,250211,32
ABaraapappa:325,ABaraapappa,325,0,0,0,0,0,0,0,0,0,0,0
ABaraapappp:325,ABaraapappp,325,0,0,0,0,0,0,0,0,0,0,0
ABaraapp:133,ABaraapp,133,9040,-15960,-179,-161,9040,57.3,240,240,46,465829,52.4
ABaraappa:172,ABaraappa,172,9531,-15469,-137,-146,9531,42.2,243,251,38,456834,45.9
ABaraappaa:230,ABaraappaa,230,9069,-15931,-65,-65,9069,20.9,176,214,31,255516,36.7
ABaraappaaa:305,ABaraappaaa,305,0,0,0,0,0,0,0,0,0,0,0
ABaraappaap:305,ABaraappaap,305,0,0,0,0,0,0,0,0,0,0,0
ABaraappap:230,ABaraappap,230,9039,-15961,-61,-70,9039,18.9,219,216,31,226319,35.9
ABaraappapa:285,ABaraappapa,285,0,0,0,0,0,0,0,0,0,0,0
ABaraappapp:285,ABaraappapp,285,0,0,0,0,0,0,0,0,0,0,0
ABaraappp:172,ABaraappp,172,9614,-15386,-64,-61,9614,42.3,296,256,39,466819,45.9
ABaraapppa:230,ABaraapppa,230,9042,-15958,-113,-134,9042,24.8,251,224,35,301286,38.4
ABaraapppaa:280,ABaraapppaa,280,0,0,0,0,0,0,0,0,0,0,0
ABaraapppaad:410,ABaraapppaad,410,0,0,0,0,0,0,0,0,0,0,0
ABaraapppaav:410,ABaraapppaav,410,0,0,0,0,0,0,0,0,0,0,0
ABaraapppap:280,ABaraapppap,280,0,0,0,0,0,0,0,0,0,0,0
ABaraapppp:230,ABaraapppp,230,9029,-15971,-139,-147,9029,21,286,236,33,284993,36.8
ABaraappppa:320,ABaraappppa,320,0,0,0,0,0,0,0,0,0,0,0
ABaraappppp:320,ABaraappppp,320,0,0,0,0,0,0,0,0,0,0,0
ABarap:74,ABarap,74,9412,-15588,83,83,9412,44,284,147,59,1065292,46.7
ABarapa:104,ABarapa,104,9400,-15600,0,0,9400,37.2,208,145,52,876195,43.8
ABarapaa:133,ABarapaa,133,9083,-15917,-37,-41,9083,43.3,217,149,45,513996,46.4
ABarapaaa:172,ABarapaaa,172,9626,-15374,-43,-54,9626,56.8,209,210,39,545974,52.2
ABarapaaaa:235,ABarapaaaa,235,9014,-15986,-78,-87,9014,53.4,210,260,33,306780,50.7
ABarapaaaaa:320,ABarapaaaaa,320,0,0,0,0,0,0,0,0,0,0,0
ABarapaaaap:320,ABarapaaaap,320,0,0,0,0,0,0,0,0,0,0,0
ABarapaaap:235,ABarapaaap,235,9011,-15989,-130,-150,9011,55.5,240,229,32,315382,51.7
ABarapaaapa:325,ABarapaaapa,325,0,0,0,0,0,0,0,0,0,0,0
ABarapaaapp:325,ABarapaaapp,325,0,0,0,0,0,0,0,0,0,0,0
ABarapaap:172,ABarapaap,172,9556,-15444,-118,-124,9556,53.1,261,216,40,498295,50.6
ABarapaapa:230,ABarapaapa,230,9153,-15847,-60,-84,9153,43.4,215,222,34,361550,46.4
ABarapaapaa:340,ABarapaapaa,340,0,0,0,0,0,0,0,0,0,0,0
ABarapaapap:340,ABarapaapap,340,0,0,0,0,0,0,0,0,0,0,0
ABarapaapp:230,ABarapaapp,230,9128,-15872,-81,-115,9128,39.9,257,249,38,387139,44.9
ABarapaappa:285,ABarapaappa,285,0,0,0,0,0,0,0,0,0,0,0
ABarapaappp:285,ABarapaappp,285,0,0,0,0,0,0,0,0,0,0,0
ABarapap:133,ABarapap,133,9093,-15907,-23,-25,9093,48.8,281,154,46,482069,48.7
ABarapapa:172,ABarapapa,172,9490,-15510,-110,-119,9490,58.3,280,183,38,467686,52.8
ABarapapaa:215,ABarapapaa,215,9196,-15804,-8,-22,9196,55.2,274,246,34,376212,51.5
ABarapapaaa:305,ABarapapaaa,305,0,0,0,0,0,0,0,0,0,0,0
ABarapapaap:305,ABarapapaap,305,0,0,0,0,0,0,0,0,0,0,0
ABarapapaapa:390,ABarapapaapa,390,0,0,0,0,0,0,0,0,0,0,0
ABarapapaapp:390,ABarapapaapp,390,0,0,0,0,0,0,0,0,0,0,0
ABarapapap:215,ABarapapap,215,9105,-15895,-144,-150,9105,55,321,262,36,381711,51.4
ABarapapapa:280,ABarapapapa,280,0,0,0,0,0,0,0,0,0,0,0
ABarapapapp:280,ABarapapapp,280,0,0,0,0,0,0,0,0,0,0,0
ABarapapp:172,ABarapapp,172,9518,-15482,-140,-140,9518,53,329,200,40,465815,50.6
ABarapappa:211,ABarapappa,211,9098,-15902,-140,-144,9098,41.1,286,216,33,362015,45.4
ABarapappaa:320,ABarapappaa,320,0,0,0,0,0,0,0,0,0,0,0
ABarapappap:320,ABarapappap,320,0,0,0,0,0,0,0,0,0,0,0
ABarapappp:211,ABarapappp,211,9131,-15869,-191,-196,9131,46.4,339,223,37,379517,47.7
ABarapapppa:260,ABarapapppa,260,0,0,0,0,0,0,0,0,0,0,0
ABarapapppp:260,ABarapapppp,260,0,0,0,0,0,0,0,0,0,0,0
ABarapp:104,ABarapp,104,9340,-15660,-80,-77,9340,58,294,166,50,675139,52.7
ABarappa:133,ABarappa,133,9084,-15916,-62,-64,9084,49.7,312,151,43,484851,49.1
ABarappaa:172,ABarappaa,172,9555,-15445,-113,-123,9555,49.5,269,163,38,579508,49
ABarappaaa:230,ABarappaaa,230,8899,-16101,-67,-82,8899,53.4,264,199,29,278422,50.7
ABarappaaaa:305,ABarappaaaa,305,0,0,0,0,0,0,0,0,0,0,0
ABarappaaap:305,ABarappaaap,305,0,0,0,0,0,0,0,0,0,0,0
ABarappaap:230,ABarappaap,230,8915,-16085,-75,-87,8915,57.5,309,206,32,320450,52.5
ABarappaapa:315,ABarappaapa,315,0,0,0,0,0,0,0,0,0,0,0
ABarappaapp:315,ABarappaapp,315,0,0,0,0,0,0,0,0,0,0,0
ABarappap:172,ABarappap,172,9638,-15362,-56,-63,9638,50.1,316,148,40,593763,49.3
ABarappapa:220,ABarappapa,220,8936,-16064,-144,-156,8936,57.4,292,163,36,388013,52.5
ABarappapaa:295,ABarappapaa,295,0,0,0,0,0,0,0,0,0,0,0
ABarappapap:295,ABarappapap,295,0,0,0,0,0,0,0,0,0,0,0
ABarappapapa:405,ABarappapapa,405,0,0,0,0,0,0,0,0,0,0,0
ABarappapapp:405,ABarappapapp,405,0,0,0,0,0,0,0,0,0,0,0
ABarappapp:220,ABarappapp,220,8973,-16027,-73,-70,8973,55.6,337,140,34,365171,51.7
ABarappappa:300,ABarappappa,300,0,0,0,0,0,0,0,0,0,0,0
ABarappappp:300,ABarappappp,300,0,0,0,0,0,0,0,0,0,0,0
ABarappp:133,ABarappp,133,9047,-15953,-76,-75,9047,41.5,369,170,43,430538,45.6
ABarapppa:172,ABarapppa,172,9572,-15428,-62,-75,9572,34.1,274,141,38,527554,42.4
ABarapppaa:221,ABarapppaa,221,8982,-16018,-48,-58,8982,44.8,213,160,33,351269,47
ABarapppaaa:295,ABarapppaaa,295,0,0,0,0,0,0,0,0,0,0,0
ABarapppaap:295,ABarapppaap,295,0,0,0,0,0,0,0,0,0,0,0
ABarapppap:221,ABarapppap,221,8977,-16023,-100,-118,8977,54.7,249,162,33,342429,51.3
ABarapppapa:295,ABarapppapa,295,0,0,0,0,0,0,0,0,0,0,0
ABarapppapp:295,ABarapppapp,295,0,0,0,0,0,0,0,0,0,0,0
ABarapppp:172,ABarapppp,172,9589,-15411,-71,-79,9589,33.3,327,136,37,460855,42.1
ABarappppa:220,ABarappppa,220,9143,-15857,1,-11,9143,42.5,273,162,31,328108,46.1
ABarappppaa:295,ABarappppaa,295,0,0,0,0,0,0,0,0,0,0,0
ABarappppap:295,ABarappppap,295,0,0,0,0,0,0,0,0,0,0,0
ABarappppp:220,ABarappppp,220,9059,-15941,-51,-63,9059,39.8,314,136,32,321650,44.9
ABarapppppa:290,ABarapppppa,290,0,0,0,0,0,0,0,0,0,0,0
ABarapppppaa:405,ABarapppppaa,405,0,0,0,0,0,0,0,0,0,0,0
ABarapppppap:405,ABarapppppap,405,0,0,0,0,0,0,0,0,0,0,0
ABarapppppp:290,ABarapppppp,290,0,0,0,0,0,0,0,0,0,0,0
ABarp:52,ABarp,52,9349,-15651,240,240,9349,-3.9,346,140,68,1409295,26
ABarpa:74,ABarpa,74,9466,-15534,193,193,9466,-4.8,272,131,60,1110171,25.6
ABarpaa:104,ABarpaa,104,9344,-15656,35,35,9344,-12,219,141,52,685821,22.6
ABarpaaa:133,ABarpaaa,133,9041,-15959,-15,-15,9041,-13.1,194,149,44,390485,22.1
ABarpaaaa:172,ABarpaaaa,172,9494,-15506,-2,-4,9494,-40.8,174,224,38,314420,10.2
ABarpaaaaa:240,ABarpaaaaa,240,8894,-16106,78,79,8894,-41.7,155,230,33,206387,9.8
ABarpaaaaal:320,ABarpaaaaal,320,0,0,0,0,0,0,0,0,0,0,0
ABarpaaaaar:320,ABarpaaaaar,320,0,0,0,0,0,0,0,0,0,0,0
ABarpaaaap:240,ABarpaaaap,240,8825,-16175,-4,-12,8825,-46.1,190,258,31,132669,7.9
ABarpaaaapa:320,ABarpaaaapa,320,0,0,0,0,0,0,0,0,0,0,0
ABarpaaaapp:320,ABarpaaaapp,320,0,0,0,0,0,0,0,0,0,0,0
ABarpaaap:172,ABarpaaap,172,9447,-15553,-19,-23,9447,-42.1,220,236,34,187420,9.6
ABarpaaapa:240,ABarpaaapa,240,8714,-16286,-30,-25,8714,-36.2,204,233,32,162861,12.2
ABarpaaapaa:315,ABarpaaapaa,315,0,0,0,0,0,0,0,0,0,0,0
ABarpaaapap:315,ABarpaaapap,315,0,0,0,0,0,0,0,0,0,0,0
ABarpaaapp:240,ABarpaaapp,240,8784,-16216,54,62,8784,-47.5,234,254,29,121226,7.3
ABarpaap:133,ABarpaap,133,8985,-16015,0,2,8985,-28.6,260,165,47,267854,15.4
ABarpaapa:172,ABarpaapa,172,9436,-15564,-41,-42,9436,-38.6,247,243,37,191484,11.1
ABarpaapaa:220,ABarpaapaa,220,8979,-16021,-53,-48,8979,-34.8,253,231,32,162286,12.8
ABarpaapap:220,ABarpaapap,220,9023,-15977,-12,-10,9023,-41.2,301,252,36,130021,10.1
ABarpaapp:172,ABarpaapp,172,9517,-15483,26,26,9517,-31.4,317,225,39,194270,14.2
ABarpaappa:215,ABarpaappa,215,9043,-15957,-6,-8,9043,-39.4,336,210,34,127652,10.8
ABarpaappp:215,ABarpaappp,215,9005,-15995,-48,-50,9005,-41.2,387,219,33,98195,10
ABarpap:104,ABarpap,104,9340,-15660,-15,-15,9340,16.2,291,195,52,649929,34.7
ABarpapa:133,ABarpapa,133,9016,-15984,-40,-39,9016,5.9,254,158,43,371143,30.3
ABarpapaa:172,ABarpapaa,172,9515,-15485,11,14,9515,-33,215,171,37,308247,13.5
ABarpapaaa:231,ABarpapaaa,231,8893,-16107,-43,-38,8893,-43.4,184,187,31,176150,9.1
ABarpapaaaa:320,ABarpapaaaa,320,0,0,0,0,0,0,0,0,0,0,0
ABarpapaaap:320,ABarpapaaap,320,0,0,0,0,0,0,0,0,0,0,0
ABarpapaap:231,ABarpapaap,231,8936,-16064,-16,-3,8936,-42,223,174,30,134395,9.7
ABarpapaapa:290,ABarpapaapa,290,0,0,0,0,0,0,0,0,0,0,0
ABarpapaapp:290,ABarpapaapp,290,0,0,0,0,0,0,0,0,0,0,0
ABarpapaappa:381,ABarpapaappa,381,0,0,0,0,0,0,0,0,0,0,0
ABarpapaappp:381,ABarpapaappp,381,0,0,0,0,0,0,0,0,0,0,0
ABarpapap:172,ABarpapap,172,9485,-15515,-16,-11,9485,-34.5,267,172,36,221339,12.9
ABarpapapa:230,ABarpapapa,230,8920,-16080,1,-3,8920,-43.9,248,198,29,108616,8.9
ABarpapapp:230,ABarpapapp,230,8933,-16067,-13,-12,8933,-37.7,298,188,30,103981,11.5
ABarpapp:133,ABarpapp,133,9015,-15985,2,3,9015,-0.6,331,170,43,290536,27.5
ABarpappa:172,ABarpappa,172,9518,-15482,27,27,9518,-38.6,303,151,36,229795,11.1
ABarpappaa:240,ABarpappaa,240,8778,-16222,-100,-101,8778,-46.2,261,160,30,146811,7.9
ABarpappap:240,ABarpappap,240,8824,-16176,-81,-92,8824,-42.3,301,138,34,164815,9.6
ABarpappp:172,ABarpappp,172,9488,-15512,-43,-46,9488,-29.5,339,141,38,266471,15
ABarpapppa:220,ABarpapppa,220,8879,-16121,-42,-54,8879,-43.5,332,128,32,155491,9.1
ABarpapppp:220,ABarpapppp,220,8911,-16089,-46,-48,8911,-32.8,367,128,32,145761,13.6
ABarpp:74,ABarpp,74,9406,-15594,131,131,9406,-6.8,399,141,60,984619,24.8
ABarppa:104,ABarppa,104,9402,-15598,85,85,9402,-15.5,315,121,53,601433,21.1
ABarppaa:133,ABarppaa,133,9065,-15935,59,57,9065,-23.1,315,154,45,280558,17.8
ABarppaaa:172,ABarppaaa,172,9450,-15550,-35,-34,9450,-40.9,320,278,36,156197,10.1
ABarppaaaa:235,ABarppaaaa,235,8765,-16235,-86,-88,8765,-43.8,337,315,28,88446,8.9
ABarppaaap:235,ABarppaaap,235,8749,-16251,-71,-75,8749,-45.3,377,315,33,90731,8.3
ABarppaap:172,ABarppaap,172,9520,-15480,7,9,9520,-40.4,381,288,38,167193,10.4
ABarppaapa:230,ABarppaapa,230,8860,-16140,-23,-24,8860,-42.2,395,266,35,96420,9.6
ABarppaapp:230,ABarppaapp,230,8873,-16127,-25,-27,8873,-44.8,449,307,31,83122,8.5
ABarppaappa:435,ABarppaappa,435,0,0,0,0,0,0,0,0,0,0,0
ABarppaappp:435,ABarppaappp,435,0,0,0,0,0,0,0,0,0,0,0
ABarppap:133,ABarppap,133,9017,-15983,6,6,9017,-29.3,376,202,44,195182,15.1
ABarppapa:172,ABarppapa,172,9499,-15501,-13,-11,9499,-41.4,426,309,38,198351,9.9
ABarppapaa:230,ABarppapaa,230,8840,-16160,-1,-2,8840,-43.8,412,360,32,117561,8.9
ABarppapap:230,ABarppapap,230,8894,-16106,-14,-10,8894,-37.6,469,358,31,134569,11.5
ABarppapp:172,ABarppapp,172,9526,-15474,-15,-7,9526,-40.3,489,302,39,219439,10.4
ABarppappa:230,ABarppappa,230,9122,-15878,212,214,9122,-39.1,503,345,32,134254,10.9
ABarppappp:230,ABarppappp,230,9495,-15505,457,453,9495,-21.6,559,348,33,230791,18.4
ABarppp:104,ABarppp,104,9425,-15575,65,64,9425,12.2,387,166,52,651128,33
ABarpppa:133,ABarpppa,133,8989,-16011,-37,-36,8989,-13.6,401,163,43,229872,21.9
ABarpppaa:172,ABarpppaa,172,9488,-15512,1,3,9488,-38.1,368,179,37,200230,11.3
ABarpppaaa:235,ABarpppaaa,235,8803,-16197,-59,-62,8803,-46.2,359,156,31,121210,7.9
ABarpppaap:235,ABarpppaap,235,8787,-16213,-41,-49,8787,-40.9,408,141,34,142334,10.1
ABarpppap:172,ABarpppap,172,9537,-15463,18,16,9537,-37.9,420,194,37,177865,11.4
ABarpppapa:230,ABarpppapa,230,8920,-16080,-18,-16,8920,-42.9,429,201,33,93234,9.3
ABarpppapp:230,ABarpppapp,230,8914,-16086,-79,-77,8914,-39.4,471,187,32,119274,10.8
ABarpppappa:430,ABarpppappa,430,0,0,0,0,0,0,0,0,0,0,0
ABarpppappp:430,ABarpppappp,430,0,0,0,0,0,0,0,0,0,0,0
ABarpppp:133,ABarpppp,133,9089,-15911,5,8,9089,-9.8,467,209,45,268236,23.5
ABarppppa:172,ABarppppa,172,9511,-15489,-19,-17,9511,-31.9,462,182,38,224127,14
ABarppppaa:230,ABarppppaa,230,8403,-15636,-102,-102,8403,-36.2,442,132,32,153982,12.1
ABarppppap:230,ABarppppap,230,8905,-16095,11,11,8905,-27.7,483,136,33,186549,15.8
ABarppppp:172,ABarppppp,172,9559,-15441,-37,-29,9559,-25,534,195,39,339637,17
ABarpppppa:225,ABarpppppa,225,9224,-15776,308,301,9224,-32.3,520,155,33,185820,13.8
ABarpppppp:225,ABarpppppp,225,9537,-15463,543,541,9537,-14.3,575,170,33,257416,21.6
ABp:17,ABp,17,8604,-16396,127,127,8604,14.6,391,154,85,2106689,34
ABpl:34,ABpl,34,8766,-16234,88,88,8766,-14.2,365,253,72,1039801,21.7
ABpla:52,ABpla,52,9185,-15815,139,139,9185,-22.4,259,256,67,937536,18.1
ABplaa:74,ABplaa,74,9297,-15703,87,88,9297,-24.3,222,248,62,936167,17.3
ABplaaa:104,ABplaaa,104,9272,-15728,-27,-27,9272,-30.1,204,240,53,525063,14.8
ABplaaaa:133,ABplaaaa,133,9019,-15981,3,4,9019,-27.8,158,280,46,309729,15.8
ABplaaaaa:172,ABplaaaaa,172,9472,-15528,-14,-15,9472,-31,179,317,39,283851,14.4
ABplaaaaaa:230,ABplaaaaaa,230,8967,-16033,-57,-55,8967,-36.8,160,293,36,230587,11.9
ABplaaaaaaa:320,ABplaaaaaaa,320,0,0,0,0,0,0,0,0,0,0,0
ABplaaaaaap:320,ABplaaaaaap,320,0,0,0,0,0,0,0,0,0,0,0
ABplaaaaap:230,ABplaaaaap,230,9078,-15922,78,82,9078,-41.3,222,301,32,117442,10
ABplaaaaapa:295,ABplaaaaapa,295,0,0,0,0,0,0,0,0,0,0,0
ABplaaaaapp:295,ABplaaaaapp,295,0,0,0,0,0,0,0,0,0,0,0
ABplaaaaappa:385,ABplaaaaappa,385,0,0,0,0,0,0,0,0,0,0,0
ABplaaaaappp:385,ABplaaaaappp,385,0,0,0,0,0,0,0,0,0,0,0
ABplaaaap:172,ABplaaaap,172,9470,-15530,-17,-18,9470,-39,229,321,38,213698,10.9
ABplaaaapa:230,ABplaaaapa,230,9048,-15952,22,30,9048,-38.8,251,281,30,91007,11
ABplaaaapp:230,ABplaaaapp,230,8950,-16050,-71,-71,8950,-42.6,297,305,31,90779,9.5
ABplaaap:133,ABplaaap,133,8958,-16042,-31,-32,8958,-32.1,239,258,44,203635,13.9
ABplaaapa:172,ABplaaapa,172,9505,-15495,22,21,9505,-39.6,268,316,35,178738,10.7
ABplaaapaa:240,ABplaaapaa,240,8902,-16098,-13,-7,8902,-49.7,264,346,33,160876,6.3
ABplaaapap:240,ABplaaapap,240,8949,-16051,17,15,8949,-42.6,297,355,31,137126,9.5
ABplaaapp:172,ABplaaapp,172,9517,-15483,9,9,9517,-28.5,317,324,38,198355,15.5
ABplaaappa:225,ABplaaappa,225,8988,-16012,-44,-41,8988,-39.4,326,365,32,137340,10.8
ABplaaappp:225,ABplaaappp,225,9069,-15931,-17,-23,9069,-34,368,352,31,110416,13.1
ABplaap:104,ABplaap,104,9286,-15714,-6,-5,9286,-17.7,271,305,51,483323,20.1
ABplaapa:133,ABplaapa,133,9013,-15987,15,16,9013,-30.6,214,334,45,261777,14.6
ABplaapaa:172,ABplaapaa,172,9534,-15466,6,8,9534,-24.3,216,368,40,353081,17.3
ABplaapaaa:230,ABplaapaaa,230,8935,-16065,14,10,8935,-39.3,189,341,34,205535,10.8
ABplaapaaaa:310,ABplaapaaaa,310,0,0,0,0,0,0,0,0,0,0,0
ABplaapaaap:310,ABplaapaaap,310,0,0,0,0,0,0,0,0,0,0,0
ABplaapaap:230,ABplaapaap,230,8913,-16087,-15,-24,8913,-37.2,234,352,31,147934,11.7
ABplaapaapa:290,ABplaapaapa,290,0,0,0,0,0,0,0,0,0,0,0
ABplaapaapp:290,ABplaapaapp,290,0,0,0,0,0,0,0,0,0,0,0
ABplaapap:172,ABplaapap,172,9538,-15462,20,17,9538,-33.5,273,378,38,295679,13.3
ABplaapapa:230,ABplaapapa,230,9005,-15995,15,19,9005,-25.2,235,397,32,208726,16.9
ABplaapapaa:310,ABplaapapaa,310,0,0,0,0,0,0,0,0,0,0,0
ABplaapapap:310,ABplaapapap,310,0,0,0,0,0,0,0,0,0,0,0
ABplaapapp:230,ABplaapapp,230,9015,-15985,31,31,9015,-33.7,276,382,34,190844,13.2
ABplaapappa:285,ABplaapappa,285,0,0,0,0,0,0,0,0,0,0,0
ABplaapappp:285,ABplaapappp,285,0,0,0,0,0,0,0,0,0,0,0
ABplaapapppa:395,ABplaapapppa,395,0,0,0,0,0,0,0,0,0,0,0
ABplaapapppp:395,ABplaapapppp,395,0,0,0,0,0,0,0,0,0,0,0
ABplaapp:133,ABplaapp,133,8949,-16051,-26,-24,8949,-23.8,287,325,46,249521,17.5
ABplaappa:172,ABplaappa,172,9477,-15523,1,1,9477,-23.4,301,392,39,358932,17.7
ABplaappaa:230,ABplaappaa,230,8918,-16082,5,7,8918,-21.5,275,418,30,217631,18.5
ABplaappap:230,ABplaappap,230,8950,-16050,19,18,8950,-25.7,327,416,34,210911,16.7
ABplaappp:172,ABplaappp,172,9491,-15509,-10,-12,9491,-19.2,357,404,42,375459,19.5
ABplaapppa:215,ABplaapppa,215,9127,-15873,14,11,9127,-14.8,361,429,34,224353,21.4
ABplaapppp:215,ABplaapppp,215,9095,-15905,-33,-33,9095,-13.2,412,427,35,239409,22.1
ABplap:74,ABplap,74,9299,-15701,94,94,9299,-19.8,333,246,60,704159,19.2
ABplapa:104,ABplapa,104,9297,-15703,9,9,9297,-28.9,298,217,52,406693,15.3
ABplapaa:133,ABplapaa,133,8999,-16001,3,3,8999,-34.7,299,257,43,172448,12.8
ABplapaaa:172,ABplapaaa,172,9492,-15508,-27,-26,9492,-41.2,332,372,39,255205,10
ABplapaaaa:220,ABplapaaaa,220,8986,-16014,13,19,8986,-34.2,345,391,30,136344,13
ABplapaaaaa:310,ABplapaaaaa,310,0,0,0,0,0,0,0,0,0,0,0
ABplapaaaap:310,ABplapaaaap,310,0,0,0,0,0,0,0,0,0,0,0
ABplapaaaapa:420,ABplapaaaapa,420,0,0,0,0,0,0,0,0,0,0,0
ABplapaaaapp:420,ABplapaaaapp,420,0,0,0,0,0,0,0,0,0,0,0
ABplapaaap:220,ABplapaaap,220,9035,-15965,8,6,9035,-30.1,387,397,32,139055,14.8
ABplapaaapa:305,ABplapaaapa,305,0,0,0,0,0,0,0,0,0,0,0
ABplapaaapad:420,ABplapaaapad,420,0,0,0,0,0,0,0,0,0,0,0
ABplapaaapav:420,ABplapaaapav,420,0,0,0,0,0,0,0,0,0,0,0
ABplapaaapp:305,ABplapaaapp,305,0,0,0,0,0,0,0,0,0,0,0
ABplapaap:172,ABplapaap,172,9504,-15496,-17,-18,9504,-39.2,395,369,38,232450,10.9
ABplapaapa:220,ABplapaapa,220,8857,-16143,-58,-64,8857,-35.9,409,405,31,150094,12.3
ABplapaapp:220,ABplapaapp,220,8912,-16088,-97,-81,8912,-29.1,453,399,34,169223,15.2
ABplapap:133,ABplapap,133,9017,-15983,27,27,9017,-27.2,356,278,44,179124,16
ABplapapa:172,ABplapapa,172,9471,-15529,-28,-29,9471,-38,438,361,40,234251,11.4
ABplapapaa:215,ABplapapaa,215,9065,-15935,-56,-51,9065,-35.2,510,381,34,174976,12.6
ABplapapaaa:550,ABplapapaaa,550,0,0,0,0,0,0,0,0,0,0,0
ABplapapaap:550,ABplapapaap,550,0,0,0,0,0,0,0,0,0,0,0
ABplapapap:215,ABplapapap,215,9112,-15888,0,10,9112,-25.9,552,387,32,189184,16.6
ABplapapp:172,ABplapapp,172,9567,-15433,17,15,9567,-26.4,510,376,40,326284,16.4
ABplapappa:215,ABplapappa,215,9097,-15903,-17,-11,9097,-12.8,570,370,34,226281,22.3
ABplapappp:215,ABplapappp,215,9207,-15793,-54,-42,9207,2.1,591,349,33,241223,28.7
ABplapapppa:300,ABplapapppa,300,0,0,0,0,0,0,0,0,0,0,0
ABplapapppp:300,ABplapapppp,300,0,0,0,0,0,0,0,0,0,0,0
ABplapappppa:395,ABplapappppa,395,0,0,0,0,0,0,0,0,0,0,0
ABplapappppaa:480,ABplapappppaa,480,0,0,0,0,0,0,0,0,0,0,0
ABplapappppap:480,ABplapappppap,480,0,0,0,0,0,0,0,0,0,0,0
ABplapappppp:395,ABplapappppp,395,0,0,0,0,0,0,0,0,0,0,0
ABplapp:104,ABplapp,104,9301,-15699,6,6,9301,-23.5,373,311,52,443259,17.6
ABplappa:133,ABplappa,133,9014,-15986,9,9,9014,-26.9,366,360,45,268287,16.1
ABplappaa:172,ABplappaa,172,9561,-15439,0,6,9561,-24.4,416,418,39,337534,17.2
ABplappaaa:215,ABplappaaa,215,8941,-16059,-99,-96,8941,-4.9,450,430,34,212037,25.6
ABplappaap:215,ABplappaap,215,9101,-15899,0,7,9101,0.8,491,418,33,225373,28.1
ABplappap:172,ABplappap,172,9604,-15396,26,28,9604,-24.7,480,413,40,377009,17.1
ABplappapa:215,ABplappapa,215,9530,-15470,442,434,9530,-21.7,484,411,33,171604,18.4
ABplappapp:215,ABplappapp,215,9956,-15044,819,814,9956,-9,529,403,31,181071,23.9
ABplappp:133,ABplappp,133,9040,-15960,-11,-4,9040,-21,434,367,43,273160,18.7
ABplapppa:172,ABplapppa,172,9612,-15388,37,37,9612,-3.4,504,409,36,384125,26.3
ABplapppaa:230,ABplapppaa,230,9082,-15918,-2,-21,9082,15.5,501,389,32,276573,34.4
ABplapppaaa:310,ABplapppaaa,310,0,0,0,0,0,0,0,0,0,0,0
ABplapppaap:310,ABplapppaap,310,0,0,0,0,0,0,0,0,0,0,0
ABplapppap:230,ABplapppap,230,8953,-16047,-171,-186,8953,20.3,534,378,32,250017,36.5
ABplapppapa:290,ABplapppapa,290,0,0,0,0,0,0,0,0,0,0,0
ABplapppapp:290,ABplapppapp,290,0,0,0,0,0,0,0,0,0,0,0
ABplapppappa:405,ABplapppappa,405,0,0,0,0,0,0,0,0,0,0,0
ABplapppappp:405,ABplapppappp,405,0,0,0,0,0,0,0,0,0,0,0
ABplapppp:172,ABplapppp,172,9632,-15368,-210,-130,9632,6.9,540,389,38,426932,30.7
ABplappppa:230,ABplappppa,230,8888,-16112,-111,-114,8888,9.7,566,374,32,239934,31.9
ABplappppp:230,ABplappppp,230,8927,-16073,-320,-310,8927,27.2,571,346,33,282728,39.4
ABplp:52,ABplp,52,9230,-15770,146,146,9230,-16.5,374,376,65,1008570,20.7
ABplpa:74,ABplpa,74,9340,-15660,82,81,9340,-13.8,357,392,58,836402,21.8
ABplpaa:104,ABplpaa,104,9243,-15757,-43,-44,9243,-26.3,347,400,51,555135,16.4
ABplpaaa:133,ABplpaaa,133,9006,-15994,-19,-20,9006,-9.2,238,395,45,339326,23.8
ABplpaaaa:172,ABplpaaaa,172,9555,-15445,-38,-40,9555,22.4,210,396,39,405790,37.4
ABplpaaaaa:220,ABplpaaaaa,220,9060,-15940,-76,-91,9060,25.3,230,381,32,259667,38.6
ABplpaaaaaa:290,ABplpaaaaaa,290,0,0,0,0,0,0,0,0,0,0,0
ABplpaaaaap:290,ABplpaaaaap,290,0,0,0,0,0,0,0,0,0,0,0
ABplpaaaap:220,ABplpaaaap,220,9005,-15995,-104,-108,9005,35.4,262,401,36,311790,43
ABplpaaaapa:285,ABplpaaaapa,285,0,0,0,0,0,0,0,0,0,0,0
ABplpaaaapp:285,ABplpaaaapp,285,0,0,0,0,0,0,0,0,0,0,0
ABplpaaap:172,ABplpaaap,172,9621,-15379,-18,-19,9621,27.5,274,410,38,415698,39.5
ABplpaaapa:220,ABplpaaapa,220,9022,-15978,-113,-141,9022,24.2,279,395,33,258663,38.1
ABplpaaapaa:305,ABplpaaapaa,305,0,0,0,0,0,0,0,0,0,0,0
ABplpaaapap:305,ABplpaaapap,305,0,0,0,0,0,0,0,0,0,0,0
ABplpaaapp:220,ABplpaaapp,220,8997,-16003,-66,-78,8997,22,303,419,34,269362,37.2
ABplpaaappa:290,ABplpaaappa,290,0,0,0,0,0,0,0,0,0,0,0
ABplpaaappaa:410,ABplpaaappaa,410,0,0,0,0,0,0,0,0,0,0,0
ABplpaaappap:410,ABplpaaappap,410,0,0,0,0,0,0,0,0,0,0,0
ABplpaaappp:290,ABplpaaappp,290,0,0,0,0,0,0,0,0,0,0,0
ABplpaap:133,ABplpaap,133,9001,-15999,-4,-5,9001,-16.1,298,398,44,291995,20.8
ABplpaapa:172,ABplpaapa,172,9572,-15428,23,22,9572,5.3,253,413,39,407687,30
ABplpaapaa:225,ABplpaapaa,225,8954,-16046,-38,-34,8954,16.7,237,411,32,234687,34.9
ABplpaapaaa:305,ABplpaapaaa,305,0,0,0,0,0,0,0,0,0,0,0
ABplpaapaap:305,ABplpaapaap,305,0,0,0,0,0,0,0,0,0,0,0
ABplpaapap:225,ABplpaapap,225,8962,-16038,-16,-26,8962,7.3,273,420,35,247825,30.8
ABplpaapapa:310,ABplpaapapa,310,0,0,0,0,0,0,0,0,0,0,0
ABplpaapapp:310,ABplpaapapp,310,0,0,0,0,0,0,0,0,0,0,0
ABplpaapp:172,ABplpaapp,172,9535,-15465,-36,-37,9535,13.7,319,426,39,413915,33.6
ABplpaappa:215,ABplpaappa,215,8954,-16046,-63,-70,8954,4.3,305,422,35,249774,29.6
ABplpaappaa:290,ABplpaappaa,290,0,0,0,0,0,0,0,0,0,0,0
ABplpaappap:290,ABplpaappap,290,0,0,0,0,0,0,0,0,0,0,0
ABplpaappp:215,ABplpaappp,215,9038,-15962,-13,-31,9038,8.9,343,428,33,233184,31.5
ABplpaapppa:280,ABplpaapppa,280,0,0,0,0,0,0,0,0,0,0,0
ABplpaapppp:280,ABplpaapppp,280,0,0,0,0,0,0,0,0,0,0,0
ABplpaappppa:400,ABplpaappppa,400,0,0,0,0,0,0,0,0,0,0,0
ABplpaappppp:400,ABplpaappppp,400,0,0,0,0,0,0,0,0,0,0,0
ABplpap:104,ABplpap,104,9298,-15702,-74,-72,9298,6.4,428,421,51,760842,30.4
ABplpapa:133,ABplpapa,133,9043,-15957,-28,-28,9043,17.9,295,423,46,465631,35.4
ABplpapaa:172,ABplpapaa,172,9607,-15393,-50,-63,9607,43.7,277,385,39,453897,46.5
ABplpapaaa:220,ABplpapaaa,220,9109,-15891,-21,-38,9109,40.7,302,362,34,276694,45.3
ABplpapaaaa:305,ABplpapaaaa,305,0,0,0,0,0,0,0,0,0,0,0
ABplpapaaap:305,ABplpapaaap,305,0,0,0,0,0,0,0,0,0,0,0
ABplpapaap:220,ABplpapaap,220,8997,-16003,-100,-102,8997,37.9,345,376,33,243835,44.1
ABplpapaapa:300,ABplpapaapa,300,0,0,0,0,0,0,0,0,0,0,0
ABplpapaapp:300,ABplpapaapp,300,0,0,0,0,0,0,0,0,0,0,0
ABplpapap:172,ABplpapap,172,9602,-15398,-99,-108,9602,47.9,313,387,39,432595,48.4
ABplpapapa:220,ABplpapapa,220,9127,-15873,-98,-112,9127,55.8,327,364,34,275755,51.8
ABplpapapaa:285,ABplpapapaa,285,0,0,0,0,0,0,0,0,0,0,0
ABplpapapap:285,ABplpapapap,285,0,0,0,0,0,0,0,0,0,0,0
ABplpapapp:220,ABplpapapp,220,8886,-15504,-85,-96,8886,50.6,370,369,33,262617,49.5
ABplpapappa:295,ABplpapappa,295,0,0,0,0,0,0,0,0,0,0,0
ABplpapappp:295,ABplpapappp,295,0,0,0,0,0,0,0,0,0,0,0
ABplpapp:133,ABplpapp,133,9013,-15987,-86,-85,9013,17.5,383,427,45,442780,35.3
ABplpappa:172,ABplpappa,172,9594,-15406,-120,-129,9594,49,354,382,39,414504,48.8
ABplpappaa:210,ABplpappaa,210,9157,-15843,-111,-83,9157,55,356,331,41,361164,51.4
ABplpappaaa:265,ABplpappaaa,265,0,0,0,0,0,0,0,0,0,0,0
ABplpappaap:265,ABplpappaap,265,0,0,0,0,0,0,0,0,0,0,0
ABplpappap:210,ABplpappap,210,9302,-15698,-227,-104,9302,40.7,399,327,31,285887,45.2
ABplpappp:172,ABplpappp,172,9671,-15329,-69,-69,9671,47.4,407,385,40,466550,48.2
ABplpapppa:222,ABplpapppa,222,10953,-14047,1569,1626,10953,54.8,405,319,37,334922,51.3
ABplpapppaa:280,ABplpapppaa,280,0,0,0,0,0,0,0,0,0,0,0
ABplpapppap:280,ABplpapppap,280,0,0,0,0,0,0,0,0,0,0,0
ABplpapppp:222,ABplpapppp,222,10818,-14182,1121,1374,10818,55.9,454,320,39,362477,51.8
ABplpappppa:285,ABplpappppa,285,0,0,0,0,0,0,0,0,0,0,0
ABplpappppp:285,ABplpappppp,285,0,0,0,0,0,0,0,0,0,0,0
ABplpp:74,ABplpp,74,9368,-15632,109,110,9368,-20.2,444,401,58,957174,19.1
ABplppa:104,ABplppa,104,9306,-15694,1,1,9306,-27.8,432,395,50,482632,15.7
ABplppaa:133,ABplppaa,133,9038,-15962,-1,-2,9038,-13.9,346,425,43,348140,21.7
ABplppaaa:172,ABplppaaa,172,9613,-15387,-12,-20,9613,29,343,414,38,438533,40.2
ABplppaaaa:230,ABplppaaaa,230,8815,-16185,-71,-81,8815,32.7,332,413,34,227746,41.8
ABplppaaaaa:300,ABplppaaaaa,300,0,0,0,0,0,0,0,0,0,0,0
ABplppaaaap:300,ABplppaaaap,300,0,0,0,0,0,0,0,0,0,0,0
ABplppaaaapa:405,ABplppaaaapa,405,0,0,0,0,0,0,0,0,0,0,0
ABplppaaaapp:405,ABplppaaaapp,405,0,0,0,0,0,0,0,0,0,0,0
ABplppaaap:230,ABplppaaap,230,8986,-16014,138,138,8986,17.2,362,434,30,204280,35.1
ABplppaap:172,ABplppaap,172,9529,-15471,-70,-71,9529,21.9,383,422,36,384726,37.1
ABplppaapa:235,ABplppaapa,235,8870,-16130,-69,-72,8870,41.8,378,395,31,231537,45.7
ABplppaapaa:310,ABplppaapaa,310,0,0,0,0,0,0,0,0,0,0,0
ABplppaapap:310,ABplppaapap,310,0,0,0,0,0,0,0,0,0,0,0
ABplppaapp:235,ABplppaapp,235,8813,-16187,-103,-102,8813,41.8,414,402,32,250991,45.7
ABplppaappa:305,ABplppaappa,305,0,0,0,0,0,0,0,0,0,0,0
ABplppaappp:305,ABplppaappp,305,0,0,0,0,0,0,0,0,0,0,0
ABplppap:133,ABplppap,133,9048,-15952,-27,-21,9048,-12.2,406,415,43,347266,22.5
ABplppapa:172,ABplppapa,172,9403,-15166,-65,-66,9403,4.5,408,429,39,433875,29.7
ABplppapaa:230,ABplppapaa,230,8912,-16088,-103,-105,8912,24.1,372,416,32,227581,38.1
ABplppapaaa:290,ABplppapaaa,290,0,0,0,0,0,0,0,0,0,0,0
ABplppapaaaa:410,ABplppapaaaa,410,0,0,0,0,0,0,0,0,0,0,0
ABplppapaaap:410,ABplppapaaap,410,0,0,0,0,0,0,0,0,0,0,0
ABplppapaap:290,ABplppapaap,290,0,0,0,0,0,0,0,0,0,0,0
ABplppapap:230,ABplppapap,230,8991,-16009,14,27,8991,24.1,412,428,30,200211,38.1
ABplppapapa:315,ABplppapapa,315,0,0,0,0,0,0,0,0,0,0,0
ABplppapapp:315,ABplppapapp,315,0,0,0,0,0,0,0,0,0,0,0
ABplppapp:172,ABplppapp,172,9566,-15434,-75,-69,9566,7.4,466,424,38,438641,30.9
ABplppappa:230,ABplppappa,230,8970,-16030,-38,-43,8970,21.3,442,421,32,230096,36.8
ABplppappaa:310,ABplppappaa,310,0,0,0,0,0,0,0,0,0,0,0
ABplppappap:310,ABplppappap,310,0,0,0,0,0,0,0,0,0,0,0
ABplppappp:230,ABplppappp,230,8984,-16016,-82,-60,8984,26.6,486,402,33,273710,39.1
ABplppapppa:320,ABplppapppa,320,0,0,0,0,0,0,0,0,0,0,0
ABplppapppp:320,ABplppapppp,320,0,0,0,0,0,0,0,0,0,0,0
ABplppp:104,ABplppp,104,9388,-15612,31,30,9388,-5.8,505,410,49,640747,25.2
ABplpppa:133,ABplpppa,133,9045,-15955,28,29,9045,-5.1,435,442,43,385226,25.5
ABplpppaa:172,ABplpppaa,172,9637,-15363,18,19,9637,22.1,429,429,38,449655,37.2
ABplpppaaa:225,ABplpppaaa,225,9093,-15907,-34,-46,9093,37,438,400,31,224418,43.6
ABplpppaaaa:290,ABplpppaaaa,290,0,0,0,0,0,0,0,0,0,0,0
ABplpppaaap:290,ABplpppaaap,290,0,0,0,0,0,0,0,0,0,0,0
ABplpppaap:225,ABplpppaap,225,9208,-15792,7,28,9208,37.9,478,391,31,250638,44.1
ABplpppaapa:258,ABplpppaapa,258,0,0,0,0,0,0,0,0,0,0,0
ABplpppaapaa:435,ABplpppaapaa,435,0,0,0,0,0,0,0,0,0,0,0
ABplpppaapap:435,ABplpppaapap,435,0,0,0,0,0,0,0,0,0,0,0
ABplpppaapp:258,ABplpppaapp,258,0,0,0,0,0,0,0,0,0,0,0
ABplpppap:172,ABplpppap,172,9713,-15287,51,52,9713,20.2,494,413,37,425724,36.4
ABplpppapa:225,ABplpppapa,225,11536,-13464,1852,1915,11536,37.5,515,366,33,245486,43.9
ABplpppapaa:275,ABplpppapaa,275,0,0,0,0,0,0,0,0,0,0,0
ABplpppapap:275,ABplpppapap,275,0,0,0,0,0,0,0,0,0,0,0
ABplpppapp:225,ABplpppapp,225,11020,-13980,1289,1442,11020,40.8,546,335,30,259519,45.3
ABplpppp:133,ABplpppp,133,9080,-15920,-70,-53,9080,8,485,427,44,443014,31.2
ABplppppa:172,ABplppppa,172,9637,-15363,-106,-96,9637,35.8,441,398,39,488060,43.1
ABplppppaa:220,ABplppppaa,220,9129,-15871,-202,-159,9129,48.2,419,362,33,278067,48.5
ABplppppaaa:290,ABplppppaaa,290,0,0,0,0,0,0,0,0,0,0,0
ABplppppaap:290,ABplppppaap,290,0,0,0,0,0,0,0,0,0,0,0
ABplppppap:220,ABplppppap,220,9243,-15757,-284,-209,9243,45.9,472,360,34,300184,47.5
ABplppppapa:280,ABplppppapa,280,0,0,0,0,0,0,0,0,0,0,0
ABplppppapp:280,ABplppppapp,280,0,0,0,0,0,0,0,0,0,0,0
ABplppppp:172,ABplppppp,172,9864,-15136,-127,-47,9864,39.8,494,378,38,467951,44.9
ABplpppppa:222,ABplpppppa,222,12141,-12859,2105,2405,12141,49.8,483,316,35,318474,49.1
ABplpppppaa:290,ABplpppppaa,290,0,0,0,0,0,0,0,0,0,0,0
ABplpppppap:290,ABplpppppap,290,0,0,0,0,0,0,0,0,0,0,0
ABplpppppp:222,ABplpppppp,222,12193,-12807,2113,2372,12193,49.2,517,293,34,294806,48.9
ABplppppppa:290,ABplppppppa,290,0,0,0,0,0,0,0,0,0,0,0
ABplppppppp:290,ABplppppppp,290,0,0,0,0,0,0,0,0,0,0,0
ABpr:34,ABpr,34,9066,-15934,266,266,9066,42.3,469,196,70,1262018,45.9
ABpra:52,ABpra,52,9496,-15504,322,321,9496,44.3,437,150,65,1163289,46.8
ABpraa:74,ABpraa,74,9400,-15600,86,87,9400,40.5,386,119,60,1159141,45.2
ABpraaa:104,ABpraaa,104,9336,-15664,-21,-21,9336,30,307,97,54,897509,40.6
ABpraaaa:133,ABpraaaa,133,9074,-15926,2,3,9074,26.3,269,100,45,491122,39
ABpraaaaa:172,ABpraaaaa,172,9585,-15415,25,26,9585,18.4,198,123,36,436563,35.6
ABpraaaaaa:235,ABpraaaaaa,235,8919,-16081,-1,-2,8919,15.5,188,120,31,273511,34.3
ABpraaaaaaa:315,ABpraaaaaaa,315,0,0,0,0,0,0,0,0,0,0,0
ABpraaaaaap:315,ABpraaaaaap,315,0,0,0,0,0,0,0,0,0,0,0
ABpraaaaap:235,ABpraaaaap,235,8871,-16129,-26,-28,8871,2.5,213,104,31,269945,28.8
ABpraaaaapd:325,ABpraaaaapd,325,0,0,0,0,0,0,0,0,0,0,0
ABpraaaaapv:325,ABpraaaaapv,325,0,0,0,0,0,0,0,0,0,0,0
ABpraaaap:172,ABpraaaap,172,9527,-15473,-41,-38,9527,11,241,102,39,446629,32.5
ABpraaaapa:225,ABpraaaapa,225,8986,-16014,-75,-77,8986,19,228,107,32,292295,35.9
ABpraaaapad:305,ABpraaaapad,305,0,0,0,0,0,0,0,0,0,0,0
ABpraaaapav:305,ABpraaaapav,305,0,0,0,0,0,0,0,0,0,0,0
ABpraaaapp:225,ABpraaaapp,225,8987,-16013,-64,-62,8987,7.7,262,84,32,253935,31
ABpraaaappa:285,ABpraaaappa,285,0,0,0,0,0,0,0,0,0,0,0
ABpraaaappp:285,ABpraaaappp,285,0,0,0,0,0,0,0,0,0,0,0
ABpraaaapppa:380,ABpraaaapppa,380,0,0,0,0,0,0,0,0,0,0,0
ABpraaaapppp:380,ABpraaaapppp,380,0,0,0,0,0,0,0,0,0,0,0
ABpraaap:133,ABpraaap,133,9012,-15988,-21,-20,9012,5.2,335,104,45,404217,29.9
ABpraaapa:172,ABpraaapa,172,9519,-15481,-30,-31,9519,-6.6,232,123,38,396096,24.9
ABpraaapaa:225,ABpraaapaa,225,9012,-15988,-38,-42,9012,4,203,154,31,256035,29.4
ABpraaapaad:290,ABpraaapaad,290,0,0,0,0,0,0,0,0,0,0,0
ABpraaapaav:290,ABpraaapaav,290,0,0,0,0,0,0,0,0,0,0,0
ABpraaapap:225,ABpraaapap,225,8989,-16011,-50,-54,8989,-6.2,236,127,35,315635,25
ABpraaapapa:300,ABpraaapapa,300,0,0,0,0,0,0,0,0,0,0,0
ABpraaapapaa:405,ABpraaapapaa,405,0,0,0,0,0,0,0,0,0,0,0
ABpraaapapap:405,ABpraaapapap,405,0,0,0,0,0,0,0,0,0,0,0
ABpraaapapp:300,ABpraaapapp,300,0,0,0,0,0,0,0,0,0,0,0
ABpraaapp:172,ABpraaapp,172,9507,-15493,-43,-44,9507,-2.6,293,122,41,403724,26.6
ABpraaappa:215,ABpraaappa,215,9084,-15916,-88,-87,9084,8.2,256,132,32,277728,31.2
ABpraaappaa:280,ABpraaappaa,280,0,0,0,0,0,0,0,0,0,0,0
ABpraaappap:280,ABpraaappap,280,0,0,0,0,0,0,0,0,0,0,0
ABpraaappp:215,ABpraaappp,215,9078,-15922,-84,-88,9078,-1.5,298,110,38,326248,27.1
ABpraaapppa:260,ABpraaapppa,260,0,0,0,0,0,0,0,0,0,0,0
ABpraaapppaa:350,ABpraaapppaa,350,0,0,0,0,0,0,0,0,0,0,0
ABpraaapppap:350,ABpraaapppap,350,0,0,0,0,0,0,0,0,0,0,0
ABpraaapppp:260,ABpraaapppp,260,0,0,0,0,0,0,0,0,0,0,0
ABpraaappppa:350,ABpraaappppa,350,0,0,0,0,0,0,0,0,0,0,0
ABpraaappppp:350,ABpraaappppp,350,0,0,0,0,0,0,0,0,0,0,0
ABpraap:104,ABpraap,104,9343,-15657,-68,-68,9343,51.2,379,146,54,805239,49.7
ABpraapa:133,ABpraapa,133,9074,-15926,-4,-4,9074,33.2,359,97,49,588853,42
ABpraapaa:172,ABpraapaa,172,9540,-15460,-3,-3,9540,-16.9,294,105,40,404849,20.5
ABpraapaaa:230,ABpraapaaa,230,8926,-16074,-27,-29,8926,-30.4,197,143,34,258450,14.7
ABpraapaaaa:305,ABpraapaaaa,305,0,0,0,0,0,0,0,0,0,0,0
ABpraapaaap:305,ABpraapaaap,305,0,0,0,0,0,0,0,0,0,0,0
ABpraapaap:230,ABpraapaap,230,8963,-16037,-6,-7,8963,-30,250,135,32,188883,14.8
ABpraapaapa:290,ABpraapaapa,290,0,0,0,0,0,0,0,0,0,0,0
ABpraapaapp:290,ABpraapaapp,290,0,0,0,0,0,0,0,0,0,0,0
ABpraapap:172,ABpraapap,172,9526,-15474,-16,-14,9526,-16.7,354,101,40,414688,20.6
ABpraapapa:230,ABpraapapa,230,8951,-16049,14,15,8951,-19.9,270,99,33,245406,19.2
ABpraapapaa:310,ABpraapapaa,310,0,0,0,0,0,0,0,0,0,0,0
ABpraapapap:310,ABpraapapap,310,0,0,0,0,0,0,0,0,0,0,0
ABpraapapp:230,ABpraapapp,230,8932,-16068,-40,-41,8932,-26.1,315,115,35,235835,16.5
ABpraapappa:290,ABpraapappa,290,0,0,0,0,0,0,0,0,0,0,0
ABpraapappp:290,ABpraapappp,290,0,0,0,0,0,0,0,0,0,0,0
ABpraapapppa:395,ABpraapapppa,395,0,0,0,0,0,0,0,0,0,0,0
ABpraapapppp:395,ABpraapapppp,395,0,0,0,0,0,0,0,0,0,0,0
ABpraapp:133,ABpraapp,133,9037,-15963,-41,-40,9037,16.9,424,132,46,437586,35
ABpraappa:172,ABpraappa,172,9505,-15495,-33,-35,9505,-4.9,370,112,38,416594,25.6
ABpraappaa:230,ABpraappaa,230,8805,-16195,-41,-37,8805,-12.8,292,80,30,259894,22.2
ABpraappap:230,ABpraappap,230,8879,-16121,6,1,8879,-10.3,343,83,34,255528,23.3
ABpraappp:172,ABpraappp,172,9546,-15454,-22,-22,9546,-2.5,426,117,41,421927,26.7
ABpraapppa:220,ABpraapppa,220,8957,-16043,-79,-78,8957,0.5,379,88,35,287657,27.9
ABpraapppp:220,ABpraapppp,220,9026,-15974,-28,-36,9026,11.8,422,93,34,311402,32.8
ABprap:74,ABprap,74,9384,-15616,80,81,9384,22.1,488,138,60,1258448,37.2
ABprapa:104,ABprapa,104,9401,-15599,48,47,9401,17.9,407,96,51,808268,35.4
ABprapaa:133,ABprapaa,133,9063,-15937,57,56,9063,-7.6,400,96,44,339475,24.5
ABprapaaa:172,ABprapaaa,172,9497,-15503,-26,-27,9497,-31.7,382,116,38,282116,14.1
ABprapaaaa:222,ABprapaaaa,222,8882,-16118,-15,-19,8882,-20.9,370,103,32,172257,18.8
ABprapaaaaa:310,ABprapaaaaa,310,0,0,0,0,0,0,0,0,0,0,0
ABprapaaaap:310,ABprapaaaap,310,0,0,0,0,0,0,0,0,0,0,0
ABprapaaaapa:425,ABprapaaaapa,425,0,0,0,0,0,0,0,0,0,0,0
ABprapaaaapp:425,ABprapaaaapp,425,0,0,0,0,0,0,0,0,0,0,0
ABprapaaap:222,ABprapaaap,222,8882,-16118,-60,-62,8882,-24.1,409,119,34,183576,17.4
ABprapaaapa:305,ABprapaaapa,305,0,0,0,0,0,0,0,0,0,0,0
ABprapaaapad:425,ABprapaaapad,425,0,0,0,0,0,0,0,0,0,0,0
ABprapaaapav:425,ABprapaaapav,425,0,0,0,0,0,0,0,0,0,0,0
ABprapaaapp:305,ABprapaaapp,305,0,0,0,0,0,0,0,0,0,0,0
ABprapaap:172,ABprapaap,172,9502,-15498,-11,-12,9502,-28.5,435,128,37,279858,15.5
ABprapaapa:225,ABprapaapa,225,8839,-16161,-64,-69,8839,-12.3,416,94,31,188763,22.5
ABprapaapp:225,ABprapaapp,225,8831,-16169,-137,-111,8831,-6.9,462,105,33,216549,24.8
ABprapap:133,ABprapap,133,8997,-16003,-13,-13,8997,-15.8,461,124,46,330932,20.9
ABprapapa:172,ABprapapa,172,9530,-15470,8,8,9530,-22.7,488,126,40,379714,18
ABprapapaa:220,ABprapapaa,220,8972,-16028,-61,-65,8972,-17.7,526,128,34,217087,20.1
ABprapapaaa:550,ABprapapaaa,550,0,0,0,0,0,0,0,0,0,0,0
ABprapapaap:550,ABprapapaap,550,0,0,0,0,0,0,0,0,0,0,0
ABprapapap:220,ABprapapap,220,9072,-15928,-10,8,9072,-2.6,562,140,33,242372,26.6
ABprapapp:172,ABprapapp,172,9537,-15463,-36,-35,9537,-9.1,556,154,40,430664,23.8
ABprapappa:220,ABprapappa,220,9042,-15958,-77,-72,9042,1.7,587,157,34,259360,28.4
ABprapappp:220,ABprapappp,220,9137,-15863,-179,-147,9137,23,592,172,33,289645,37.6
ABprapapppa:300,ABprapapppa,300,0,0,0,0,0,0,0,0,0,0,0
ABprapapppp:300,ABprapapppp,300,0,0,0,0,0,0,0,0,0,0,0
ABprapappppa:395,ABprapappppa,395,0,0,0,0,0,0,0,0,0,0,0
ABprapappppaa:480,ABprapappppaa,480,0,0,0,0,0,0,0,0,0,0,0
ABprapappppap:480,ABprapappppap,480,0,0,0,0,0,0,0,0,0,0,0
ABprapappppp:395,ABprapappppp,395,0,0,0,0,0,0,0,0,0,0,0
ABprapp:104,ABprapp,104,9374,-15626,-13,-11,9374,18.7,493,141,53,822988,35.7
ABprappa:133,ABprappa,133,9083,-15917,-8,-9,9083,8.2,505,128,47,462546,31.3
ABprappaa:172,ABprappaa,172,9561,-15439,-20,-18,9561,5.6,468,102,40,458309,30.1
ABprappaaa:218,ABprappaaa,218,9029,-15971,18,24,9029,19.8,456,93,32,250303,36.2
ABprappaap:218,ABprappaap,218,9006,-15994,-26,-24,9006,19.4,494,111,35,295353,36
ABprappap:172,ABprappap,172,9640,-15360,40,40,9640,5.2,518,119,40,523052,29.9
ABprappapa:218,ABprappapa,218,9550,-15450,509,500,9550,-0.9,495,109,33,231257,27.4
ABprappapp:218,ABprappapp,218,9710,-15290,601,600,9710,11.1,540,131,34,282837,32.5
ABprappp:133,ABprappp,133,9112,-15888,-26,-9,9112,8.5,558,183,44,455705,31.4
ABprapppa:172,ABprapppa,172,9530,-15470,-55,-49,9530,20.6,542,135,38,529932,36.6
ABprapppaa:230,ABprapppaa,230,8806,-16194,-62,-70,8806,29.4,512,128,33,318926,40.3
ABprapppaaa:310,ABprapppaaa,310,0,0,0,0,0,0,0,0,0,0,0
ABprapppaap:310,ABprapppaap,310,0,0,0,0,0,0,0,0,0,0,0
ABprapppap:230,ABprapppap,230,8829,-16171,-160,-167,8829,31.2,544,150,33,321995,41.1
ABprapppapa:290,ABprapppapa,290,0,0,0,0,0,0,0,0,0,0,0
ABprapppapp:290,ABprapppapp,290,0,0,0,0,0,0,0,0,0,0,0
ABprapppappa:405,ABprapppappa,405,0,0,0,0,0,0,0,0,0,0,0
ABprapppappp:405,ABprapppappp,405,0,0,0,0,0,0,0,0,0,0,0
ABprapppp:172,ABprapppp,172,9645,-15355,-101,-41,9645,32.2,572,164,39,552104,41.6
ABprappppa:230,ABprappppa,230,8831,-16169,-59,-59,8831,39.6,570,158,32,303252,44.8
ABprappppp:230,ABprappppp,230,9022,-15978,-285,-171,9022,44.7,572,202,32,307746,47
ABprp:52,ABprp,52,9534,-15466,328,327,9534,45.2,515,256,65,1191232,47.2
ABprpa:74,ABprpa,74,9469,-15531,112,117,9469,53.4,470,234,57,961367,50.7
ABprpaa:104,ABprpaa,104,9318,-15682,-73,-74,9318,51.9,463,131,52,760353,50.1
ABprpaaa:133,ABprpaaa,133,9074,-15926,-46,-47,9074,49.6,376,110,45,477418,49.1
ABprpaaaa:172,ABprpaaaa,172,9615,-15385,-4,-6,9615,29.7,277,99,39,465086,40.5
ABprpaaaaa:222,ABprpaaaaa,222,9062,-15938,-13,-9,9062,39.4,245,136,31,257082,44.7
ABprpaaaaaa:290,ABprpaaaaaa,290,0,0,0,0,0,0,0,0,0,0,0
ABprpaaaaap:290,ABprpaaaaap,290,0,0,0,0,0,0,0,0,0,0,0
ABprpaaaap:222,ABprpaaaap,222,9019,-15981,-77,-87,9019,39.6,284,122,30,234483,44.8
ABprpaaaapa:290,ABprpaaaapa,290,0,0,0,0,0,0,0,0,0,0,0
ABprpaaaapp:290,ABprpaaaapp,290,0,0,0,0,0,0,0,0,0,0,0
ABprpaaap:172,ABprpaaap,172,9605,-15395,-22,-25,9605,33.3,342,89,37,454240,42
ABprpaaapa:222,ABprpaaapa,222,8980,-16020,-27,-30,8980,40.5,307,94,31,262822,45.2
ABprpaaapaa:310,ABprpaaapaa,310,0,0,0,0,0,0,0,0,0,0,0
ABprpaaapap:310,ABprpaaapap,310,0,0,0,0,0,0,0,0,0,0,0
ABprpaaapp:222,ABprpaaapp,222,8990,-16010,-61,-78,8990,27.5,331,96,31,235178,39.5
ABprpaaappa:290,ABprpaaappa,290,0,0,0,0,0,0,0,0,0,0,0
ABprpaaappaa:406,ABprpaaappaa,406,0,0,0,0,0,0,0,0,0,0,0
ABprpaaappap:406,ABprpaaappap,406,0,0,0,0,0,0,0,0,0,0,0
ABprpaaappp:290,ABprpaaappp,290,0,0,0,0,0,0,0,0,0,0,0
ABprpaap:133,ABprpaap,133,9039,-15961,-66,-65,9039,37.2,443,119,44,471339,43.7
ABprpaapa:172,ABprpaapa,172,9595,-15405,-4,-4,9595,15.8,331,84,39,476651,34.5
ABprpaapaa:222,ABprpaapaa,222,8959,-16041,-16,-20,8959,30.3,252,106,33,269073,40.7
ABprpaapaaa:300,ABprpaapaaa,300,0,0,0,0,0,0,0,0,0,0,0
ABprpaapaap:300,ABprpaapaap,300,0,0,0,0,0,0,0,0,0,0,0
ABprpaapap:222,ABprpaapap,222,8988,-16012,-37,-49,8988,22.9,292,94,32,255632,37.6
ABprpaapapa:300,ABprpaapapa,300,0,0,0,0,0,0,0,0,0,0,0
ABprpaapapp:300,ABprpaapapp,300,0,0,0,0,0,0,0,0,0,0,0
ABprpaapp:172,ABprpaapp,172,9587,-15413,-7,-6,9587,16.2,381,104,39,454069,34.7
ABprpaappa:215,ABprpaappa,215,8961,-16039,-23,-20,8961,12.4,319,80,34,271448,33
ABprpaappaa:297,ABprpaappaa,297,0,0,0,0,0,0,0,0,0,0,0
ABprpaappap:297,ABprpaappap,297,0,0,0,0,0,0,0,0,0,0,0
ABprpaappp:215,ABprpaappp,215,9010,-15990,29,32,9010,21.6,362,86,32,233579,37
ABprpaapppa:290,ABprpaapppa,290,0,0,0,0,0,0,0,0,0,0,0
ABprpaapppp:290,ABprpaapppp,290,0,0,0,0,0,0,0,0,0,0,0
ABprpaappppa:405,ABprpaappppa,405,0,0,0,0,0,0,0,0,0,0,0
ABprpaappppp:405,ABprpaappppp,405,0,0,0,0,0,0,0,0,0,0,0
ABprpap:104,ABprpap,104,9320,-15680,-122,-119,9320,51,524,203,51,755374,49.7
ABprpapa:133,ABprpapa,133,9082,-15918,-98,-98,9082,57.3,456,156,45,458536,52.4
ABprpapaa:172,ABprpapaa,172,9611,-15389,-55,-63,9611,48.7,350,135,38,469099,48.7
ABprpapaaa:222,ABprpapaaa,222,8988,-16012,-12,-30,8988,41.5,321,175,30,246120,45.6
ABprpapaaaa:304,ABprpapaaaa,304,0,0,0,0,0,0,0,0,0,0,0
ABprpapaaap:304,ABprpapaaap,304,0,0,0,0,0,0,0,0,0,0,0
ABprpapaap:222,ABprpapaap,222,8903,-16097,-126,-138,8903,43.3,361,163,33,297917,46.4
ABprpapaapa:300,ABprpapaapa,300,0,0,0,0,0,0,0,0,0,0,0
ABprpapaapp:300,ABprpapaapp,300,0,0,0,0,0,0,0,0,0,0,0
ABprpapap:172,ABprpapap,172,9645,-15355,-43,-54,9645,53.2,390,133,38,463252,50.6
ABprpapapa:220,ABprpapapa,220,9049,-15951,-39,-59,9049,53.1,376,154,35,303911,50.6
ABprpapapaa:285,ABprpapapaa,285,0,0,0,0,0,0,0,0,0,0,0
ABprpapapap:285,ABprpapapap,285,0,0,0,0,0,0,0,0,0,0,0
ABprpapapp:220,ABprpapapp,220,9005,-15995,-156,-188,9005,54.1,419,173,33,301612,51
ABprpapappa:290,ABprpapappa,290,0,0,0,0,0,0,0,0,0,0,0
ABprpapappp:290,ABprpapappp,290,0,0,0,0,0,0,0,0,0,0,0
ABprpapp:133,ABprpapp,133,9043,-15957,-122,-119,9043,51.4,517,187,45,473900,49.9
ABprpappa:172,ABprpappa,172,9590,-15410,-133,-144,9590,57.2,403,163,40,462093,52.3
ABprpappaa:215,ABprpappaa,215,9153,-15847,-29,-46,9153,56.4,345,191,36,349581,52
ABprpappaaa:285,ABprpappaaa,285,0,0,0,0,0,0,0,0,0,0,0
ABprpappaap:285,ABprpappaap,285,0,0,0,0,0,0,0,0,0,0,0
ABprpappap:215,ABprpappap,215,9139,-15861,-91,-89,9139,53,385,223,38,377444,50.6
ABprpappapa:285,ABprpappapa,285,0,0,0,0,0,0,0,0,0,0,0
ABprpappapp:285,ABprpappapp,285,0,0,0,0,0,0,0,0,0,0,0
ABprpappp:172,ABprpappp,172,9646,-15354,-112,-100,9646,54.5,450,180,39,478767,51.2
ABprpapppa:222,ABprpapppa,222,9105,-15895,-123,-136,9105,54.7,424,222,35,343553,51.3
ABprpapppaa:290,ABprpapppaa,290,0,0,0,0,0,0,0,0,0,0,0
ABprpapppap:290,ABprpapppap,290,0,0,0,0,0,0,0,0,0,0,0
ABprpapppp:222,ABprpapppp,222,9403,-15597,-282,-38,9403,54.5,468,231,37,363232,51.2
ABprpappppa:285,ABprpappppa,285,0,0,0,0,0,0,0,0,0,0,0
ABprpappppp:285,ABprpappppp,285,0,0,0,0,0,0,0,0,0,0,0
ABprpp:74,ABprpp,74,9507,-15493,124,124,9507,43.3,563,243,58,1115552,46.4
ABprppa:104,ABprppa,104,9402,-15598,60,61,9402,26.9,566,146,50,826348,39.3
ABprppaa:133,ABprppaa,133,9166,-15834,33,30,9166,35,481,112,42,458412,42.8
ABprppaaa:172,ABprppaaa,172,9573,-15427,-11,-15,9573,31.5,389,97,36,410301,41.2
ABprppaaaa:230,ABprppaaaa,230,8804,-16196,-89,-85,8804,30,329,144,32,248219,40.6
ABprppaaaaa:298,ABprppaaaaa,298,0,0,0,0,0,0,0,0,0,0,0
ABprppaaaap:298,ABprppaaaap,298,0,0,0,0,0,0,0,0,0,0,0
ABprppaaaapa:410,ABprppaaaapa,410,0,0,0,0,0,0,0,0,0,0,0
ABprppaaaapp:410,ABprppaaaapp,410,0,0,0,0,0,0,0,0,0,0,0
ABprppaaap:230,ABprppaaap,230,8878,-16122,-28,-46,8878,31.3,365,109,32,297142,41.1
ABprppaap:172,ABprppaap,172,9561,-15439,-63,-61,9561,43.3,422,116,37,433730,46.4
ABprppaapa:235,ABprppaapa,235,8858,-16142,-52,-77,8858,41.9,397,148,31,226856,45.8
ABprppaapaa:315,ABprppaapaa,315,0,0,0,0,0,0,0,0,0,0,0
ABprppaapap:315,ABprppaapap,315,0,0,0,0,0,0,0,0,0,0,0
ABprppaapp:235,ABprppaapp,235,8138,-14862,-38,-37,8138,51.9,428,135,32,252757,50.1
ABprppaappa:305,ABprppaappa,305,0,0,0,0,0,0,0,0,0,0,0
ABprppaappp:305,ABprppaappp,305,0,0,0,0,0,0,0,0,0,0,0
ABprppap:133,ABprppap,133,9153,-15847,-13,-15,9153,28,530,155,44,467944,39.7
ABprppapa:172,ABprppapa,172,9597,-15403,-43,-45,9597,28.5,445,110,36,402844,39.9
ABprppapaa:230,ABprppapaa,230,8887,-16113,-40,-49,8887,37.8,375,109,33,293268,44
ABprppapaaa:290,ABprppapaaa,290,0,0,0,0,0,0,0,0,0,0,0
ABprppapaaaa:410,ABprppapaaaa,410,0,0,0,0,0,0,0,0,0,0,0
ABprppapaaap:410,ABprppapaaap,410,0,0,0,0,0,0,0,0,0,0,0
ABprppapaap:290,ABprppapaap,290,0,0,0,0,0,0,0,0,0,0,0
ABprppapap:230,ABprppapap,230,8913,-16087,14,4,8913,39.8,419,102,32,251904,44.9
ABprppapapa:315,ABprppapapa,315,0,0,0,0,0,0,0,0,0,0,0
ABprppapapp:315,ABprppapapp,315,0,0,0,0,0,0,0,0,0,0,0
ABprppapp:172,ABprppapp,172,9555,-15445,-106,-112,9555,29,498,144,38,446742,40.2
ABprppappa:230,ABprppappa,230,8854,-16146,-9,-10,8854,39.3,450,113,32,251597,44.7
ABprppappaa:305,ABprppappaa,305,0,0,0,0,0,0,0,0,0,0,0
ABprppappap:305,ABprppappap,305,0,0,0,0,0,0,0,0,0,0,0
ABprppappp:230,ABprppappp,230,8801,-16199,-170,-188,8801,36.4,493,140,35,312606,43.4
ABprppapppa:320,ABprppapppa,320,0,0,0,0,0,0,0,0,0,0,0
ABprppapppp:320,ABprppapppp,320,0,0,0,0,0,0,0,0,0,0,0
ABprppp:104,ABprppp,104,9507,-15493,84,85,9507,31.1,589,226,52,834177,41.1
ABprpppa:133,ABprpppa,133,9136,-15864,6,8,9136,31.2,581,169,43,470304,41.2
ABprpppaa:172,ABprpppaa,172,9599,-15401,-39,-41,9599,44.3,477,118,39,483982,46.8
ABprpppaaa:225,ABprpppaaa,225,8913,-16087,-65,-59,8913,49.3,454,138,30,210261,48.9
ABprpppaaaa:290,ABprpppaaaa,290,0,0,0,0,0,0,0,0,0,0,0
ABprpppaaaaa:550,ABprpppaaaaa,550,0,0,0,0,0,0,0,0,0,0,0
ABprpppaaap:290,ABprpppaaap,290,0,0,0,0,0,0,0,0,0,0,0
ABprpppaap:225,ABprpppaap,225,8955,-16045,-137,-74,8955,52.2,497,142,31,261088,50.2
ABprpppaapa:285,ABprpppaapa,285,0,0,0,0,0,0,0,0,0,0,0
ABprpppaapaa:435,ABprpppaapaa,435,0,0,0,0,0,0,0,0,0,0,0
ABprpppaapap:435,ABprpppaapap,435,0,0,0,0,0,0,0,0,0,0,0
ABprpppaapp:285,ABprpppaapp,285,0,0,0,0,0,0,0,0,0,0,0
ABprpppap:172,ABprpppap,172,9697,-15303,7,5,9697,43,534,143,38,500126,46.2
ABprpppapa:225,ABprpppapa,225,10833,-14167,1552,1535,10833,50.9,529,161,33,256103,49.6
ABprpppapaa:275,ABprpppapaa,275,0,0,0,0,0,0,0,0,0,0,0
ABprpppapap:275,ABprpppapap,275,0,0,0,0,0,0,0,0,0,0,0
ABprpppapp:225,ABprpppapp,225,10179,-14821,770,836,10179,52.8,541,198,29,253632,50.5
ABprpppp:133,ABprpppp,133,9195,-15805,-52,-22,9195,40.9,584,230,44,498000,45.3
ABprppppa:172,ABprppppa,172,9650,-15350,-96,-87,9650,52.2,492,160,39,475933,50.2
ABprppppaa:222,ABprppppaa,222,9072,-15928,-57,-74,9072,55.6,447,174,34,314174,51.7
ABprppppaaa:290,ABprppppaaa,290,0,0,0,0,0,0,0,0,0,0,0
ABprppppaap:290,ABprppppaap,290,0,0,0,0,0,0,0,0,0,0,0
ABprppppap:222,ABprppppap,222,9098,-15902,-220,-191,9098,51.2,489,183,33,266310,49.8
ABprppppapa:280,ABprppppapa,280,0,0,0,0,0,0,0,0,0,0,0
ABprppppapp:280,ABprppppapp,280,0,0,0,0,0,0,0,0,0,0,0
ABprppppp:172,ABprppppp,172,9828,-15172,-99,-30,9828,53.2,542,190,40,528993,50.6
ABprpppppa:222,ABprpppppa,222,11430,-13570,1712,1842,11430,52.4,504,224,33,297156,50.2
ABprpppppaa:290,ABprpppppaa,290,0,0,0,0,0,0,0,0,0,0,0
ABprpppppap:290,ABprpppppap,290,0,0,0,0,0,0,0,0,0,0,0
ABprpppppp:222,ABprpppppp,222,11256,-13744,1169,1451,11256,49,540,247,33,281204,48.8
ABprppppppa:290,ABprppppppa,290,0,0,0,0,0,0,0,0,0,0,0
ABprppppppp:290,ABprppppppp,290,0,0,0,0,0,0,0,0,0,0,0
P1:1,P1,1,0,0,0,0,0,0,0,0,0,0,0
EMS:17,EMS,17,8754,-16246,252,252,8754,15.3,388,385,81,2058462,34.3
MS:40,MS,40,9612,-15388,646,646,9612,39.9,332,358,69,1279249,44.9
MSa:60,MSa,60,10736,-14264,1335,1336,10736,44,271,336,63,1179210,46.7
MSaa:87,MSaa,87,11357,-13643,1759,1757,11357,49.9,240,335,57,1008119,49.2
MSaaa:113,MSaaa,113,10663,-14337,1214,1210,10663,48.1,197,321,51,659993,48.4
MSaaaa:146,MSaaaa,146,9848,-15152,517,513,9848,33.7,185,272,44,389728,42.2
MSaaaaa:183,MSaaaaa,183,9835,-15165,128,124,9835,9,155,244,37,304692,31.6
MSaaaaaa:230,MSaaaaaa,230,9143,-15857,133,121,9143,7,121,257,30,143276,30.7
MSaaaaaal:355,MSaaaaaal,355,0,0,0,0,0,0,0,0,0,0,0
MSaaaaaar:355,MSaaaaaar,355,0,0,0,0,0,0,0,0,0,0,0
MSaaaaap:230,MSaaaaap,230,9074,-15926,100,87,9074,-5.4,161,271,34,148732,25.4
MSaaaaapa:280,MSaaaaapa,280,0,0,0,0,0,0,0,0,0,0,0
MSaaaaapaa:355,MSaaaaapaa,355,0,0,0,0,0,0,0,0,0,0,0
MSaaaaapap:355,MSaaaaapap,355,0,0,0,0,0,0,0,0,0,0,0
MSaaaaapp:280,MSaaaaapp,280,0,0,0,0,0,0,0,0,0,0,0
MSaaaap:183,MSaaaap,183,9693,-15307,62,65,9693,-3.6,209,264,38,238620,26.2
MSaaaapa:235,MSaaaapa,235,8937,-16063,56,60,8937,-19.9,182,262,33,123994,19.2
MSaaaapaa:285,MSaaaapaa,285,0,0,0,0,0,0,0,0,0,0,0
MSaaaapap:285,MSaaaapap,285,0,0,0,0,0,0,0,0,0,0,0
MSaaaapp:235,MSaaaapp,235,8925,-16075,50,51,8925,-20.1,246,270,32,104994,19.1
MSaaaappa:300,MSaaaappa,300,0,0,0,0,0,0,0,0,0,0,0
MSaaaappp:300,MSaaaappp,300,0,0,0,0,0,0,0,0,0,0,0
MSaaap:146,MSaaap,146,9859,-15141,440,451,9859,37.5,272,297,44,414338,43.9
MSaaapa:190,MSaaapa,190,9709,-15291,39,42,9709,7.1,245,263,40,291209,30.8
MSaaapaa:240,MSaaapaa,240,9018,-15982,52,49,9018,3.3,203,266,34,145048,29.2
MSaaapaaa:285,MSaaapaaa,285,0,0,0,0,0,0,0,0,0,0,0
MSaaapaap:285,MSaaapaap,285,0,0,0,0,0,0,0,0,0,0,0
MSaaapap:240,MSaaapap,240,9034,-15966,81,73,9034,-4.1,253,248,31,102775,25.9
MSaaapapa:300,MSaaapapa,300,0,0,0,0,0,0,0,0,0,0,0
MSaaapapp:300,MSaaapapp,300,0,0,0,0,0,0,0,0,0,0,0
MSaaapp:190,MSaaapp,190,9390,-15610,-26,-20,9390,10.8,301,257,35,271330,32.4
MSaaappa:280,MSaaappa,280,0,0,0,0,0,0,0,0,0,0,0
MSaaappp:280,MSaaappp,280,0,0,0,0,0,0,0,0,0,0,0
MSaap:113,MSaap,113,10637,-14363,1149,1159,10637,52.6,296,330,50,573377,50.4
MSaapa:146,MSaapa,146,10087,-14913,647,654,10087,52.8,314,338,44,424705,50.4
MSaapaa:182,MSaapaa,182,10053,-14947,196,188,10053,35,314,299,40,382048,42.8
MSaapaaa:235,MSaapaaa,235,9348,-15652,168,156,9348,26.1,281,283,34,193576,38.9
MSaapaaaa:280,MSaapaaaa,280,0,0,0,0,0,0,0,0,0,0,0
MSaapaaap:280,MSaapaaap,280,0,0,0,0,0,0,0,0,0,0,0
MSaapaap:235,MSaapaap,235,9269,-15731,106,107,9269,18.6,332,288,36,180704,35.7
MSaapaapa:282,MSaapaapa,282,0,0,0,0,0,0,0,0,0,0,0
MSaapaapaa:382,MSaapaapaa,382,0,0,0,0,0,0,0,0,0,0,0
MSaapaapap:382,MSaapaapap,382,0,0,0,0,0,0,0,0,0,0,0
MSaapaapp:282,MSaapaapp,282,0,0,0,0,0,0,0,0,0,0,0
MSaapap:182,MSaapap,182,9959,-15041,129,130,9959,36.1,372,317,38,367322,43.2
MSaapapa:240,MSaapapa,240,9121,-15879,48,32,9121,23.3,333,320,31,167982,37.8
MSaapapaa:355,MSaapapaa,355,0,0,0,0,0,0,0,0,0,0,0
MSaapapap:355,MSaapapap,355,0,0,0,0,0,0,0,0,0,0,0
MSaapapp:240,MSaapapp,240,9076,-15924,4,-2,9076,27.1,383,310,32,167823,39.4
MSaapappa:290,MSaapappa,290,0,0,0,0,0,0,0,0,0,0,0
MSaapappp:290,MSaapappp,290,0,0,0,0,0,0,0,0,0,0,0
MSaapp:146,MSaapp,146,10129,-14871,539,574,10129,54.7,404,343,44,470650,51.2
MSaappa:195,MSaappa,195,9834,-15166,249,297,9834,48.7,398,299,34,340704,48.7
MSaappaa:290,MSaappaa,290,0,0,0,0,0,0,0,0,0,0,0
MSaappap:290,MSaappap,290,0,0,0,0,0,0,0,0,0,0,0
MSaappp:195,MSaappp,195,9775,-15225,-81,40,9775,40.3,425,329,38,350579,45.1
MSaapppa:270,MSaapppa,270,0,0,0,0,0,0,0,0,0,0,0
MSaapppaa:340,MSaapppaa,340,0,0,0,0,0,0,0,0,0,0,0
MSaapppap:340,MSaapppap,340,0,0,0,0,0,0,0,0,0,0,0
MSaapppp:270,MSaapppp,270,0,0,0,0,0,0,0,0,0,0,0
MSaappppa:365,MSaappppa,365,0,0,0,0,0,0,0,0,0,0,0
MSaappppp:365,MSaappppp,365,0,0,0,0,0,0,0,0,0,0,0
MSap:87,MSap,87,11328,-13672,1772,1773,11328,39.5,320,394,57,1145214,44.8
MSapa:115,MSapa,115,10343,-14657,944,949,10343,42.5,315,389,49,632175,46
MSapaa:150,MSapaa,150,9848,-15152,313,318,9848,24.3,299,352,42,398796,38.2
MSapaaa:190,MSapaaa,190,9672,-15328,220,219,9672,15.4,209,330,36,259677,34.3
MSapaaaa:240,MSapaaaa,240,8733,-16267,41,23,8733,18.2,166,330,31,177903,35.5
MSapaaaad:355,MSapaaaad,355,0,0,0,0,0,0,0,0,0,0,0
MSapaaaav:355,MSapaaaav,355,0,0,0,0,0,0,0,0,0,0,0
MSapaaap:240,MSapaaap,240,8757,-16243,-92,-117,8757,13.5,219,326,29,126151,33.5
MSapaap:190,MSapaap,190,9747,-15253,302,303,9747,18.5,268,343,34,249023,35.6
MSapaapa:260,MSapaapa,260,0,0,0,0,0,0,0,0,0,0,0
MSapaapp:260,MSapaapp,260,0,0,0,0,0,0,0,0,0,0,0
MSapap:150,MSapap,150,9878,-15122,247,256,9878,31,366,350,42,409514,41.1
MSapapa:190,MSapapa,190,9637,-15363,118,127,9637,9.3,296,359,36,265028,31.7
MSapapaa:240,MSapapaa,240,9074,-15926,244,255,9074,4.6,249,365,29,127806,29.7
MSapapaaa:440,MSapapaaa,440,0,0,0,0,0,0,0,0,0,0,0
MSapapaap:440,MSapapaap,440,0,0,0,0,0,0,0,0,0,0,0
MSapapap:240,MSapapap,240,9000,-16000,203,199,9000,0.5,290,345,30,115246,28
MSapapp:190,MSapapp,190,9513,-15487,104,99,9513,-0.6,343,359,35,217406,27.5
MSapappa:250,MSapappa,250,0,0,0,0,0,0,0,0,0,0,0
MSapappp:250,MSapappp,250,0,0,0,0,0,0,0,0,0,0,0
MSapp:115,MSapp,115,10475,-14525,1082,1091,10475,48,402,389,49,618014,48.3
MSappa:150,MSappa,150,10059,-14941,446,452,10059,26.4,407,379,41,444579,39.1
MSappaa:195,MSappaa,195,9583,-15417,99,115,9583,16.5,343,363,36,268599,34.8
MSappaaa:260,MSappaaa,260,0,0,0,0,0,0,0,0,0,0,0
MSappaap:260,MSappaap,260,0,0,0,0,0,0,0,0,0,0,0
MSappap:195,MSappap,195,9652,-15348,92,101,9652,22.6,380,363,34,256018,37.4
MSappapa:270,MSappapa,270,0,0,0,0,0,0,0,0,0,0,0
MSappapp:270,MSappapp,270,0,0,0,0,0,0,0,0,0,0,0
MSappp:150,MSappp,150,9840,-15160,250,250,9840,8.3,459,379,41,361283,31.3
MSapppa:198,MSapppa,198,9402,-15598,1,25,9402,-6.1,385,374,35,200369,25.1
MSapppaa:260,MSapppaa,260,0,0,0,0,0,0,0,0,0,0,0
MSapppap:260,MSapppap,260,0,0,0,0,0,0,0,0,0,0,0
MSapppp:198,MSapppp,198,9415,-15585,44,59,9415,-17.8,431,359,36,175864,20.1
MSappppa:260,MSappppa,260,0,0,0,0,0,0,0,0,0,0,0
MSappppp:260,MSappppp,260,0,0,0,0,0,0,0,0,0,0,0
MSp:60,MSp,60,10509,-14491,1141,1142,10509,41,374,273,62,1089592,45.4
MSpa:87,MSpa,87,11199,-13801,1641,1641,11199,47.1,310,254,57,930367,48
MSpaa:113,MSpaa,113,10552,-14448,1148,1144,10552,46.1,290,241,49,557486,47.6
MSpaaa:146,MSpaaa,146,9730,-15270,422,421,9730,37.3,275,221,45,403639,43.8
MSpaaaa:182,MSpaaaa,182,9803,-15197,100,96,9803,12.3,202,191,38,306341,33
MSpaaaaa:230,MSpaaaaa,230,9023,-15977,65,68,9023,9.7,146,214,30,150813,31.9
MSpaaaaaa:330,MSpaaaaaa,330,0,0,0,0,0,0,0,0,0,0,0
MSpaaaaap:330,MSpaaaaap,330,0,0,0,0,0,0,0,0,0,0,0
MSpaaaap:230,MSpaaaap,230,9004,-15996,15,23,9004,-5.3,189,221,34,137093,25.5
MSpaaaapa:290,MSpaaaapa,290,0,0,0,0,0,0,0,0,0,0,0
MSpaaaapp:290,MSpaaaapp,290,0,0,0,0,0,0,0,0,0,0,0
MSpaaap:182,MSpaaap,182,9696,-15304,70,70,9696,1.7,261,200,38,265909,28.5
MSpaaapa:235,MSpaaapa,235,8949,-16051,47,49,8949,-14.8,216,217,31,111532,21.4
MSpaaapaa:320,MSpaaapaa,320,0,0,0,0,0,0,0,0,0,0,0
MSpaaapap:320,MSpaaapap,320,0,0,0,0,0,0,0,0,0,0,0
MSpaaapp:235,MSpaaapp,235,8808,-16192,-87,-81,8808,-18.1,264,213,33,105791,20
MSpaaappa:300,MSpaaappa,300,0,0,0,0,0,0,0,0,0,0,0
MSpaaappp:300,MSpaaappp,300,0,0,0,0,0,0,0,0,0,0,0
MSpaap:146,MSpaap,146,9665,-15335,248,262,9665,38.6,344,260,43,418049,44.3
MSpaapa:190,MSpaapa,190,9582,-15418,-19,-15,9582,13.5,287,199,37,260117,33.5
MSpaapaa:247,MSpaapaa,247,8795,-16205,-29,-30,8795,3.6,228,199,33,160993,29.3
MSpaapaaa:325,MSpaapaaa,325,0,0,0,0,0,0,0,0,0,0,0
MSpaapaap:325,MSpaapaap,325,0,0,0,0,0,0,0,0,0,0,0
MSpaapap:247,MSpaapap,247,8800,-16200,-66,-64,8800,5.7,277,191,32,129025,30.1
MSpaapapa:305,MSpaapapa,305,0,0,0,0,0,0,0,0,0,0,0
MSpaapapp:305,MSpaapapp,305,0,0,0,0,0,0,0,0,0,0,0
MSpaapp:190,MSpaapp,190,9364,-15636,-11,-12,9364,7.1,332,211,31,211896,30.8
MSpap:113,MSpap,113,10452,-14548,1019,1019,10452,55.6,371,275,50,571601,51.7
MSpapa:146,MSpapa,146,10001,-14999,594,598,10001,55.8,374,242,45,428681,51.8
MSpapaa:182,MSpapaa,182,9949,-15051,141,136,9949,37.8,346,243,38,328974,43.9
MSpapaaa:244,MSpapaaa,244,9056,-15944,-6,-35,9056,35,305,242,33,189537,42.8
MSpapaaaa:280,MSpapaaaa,280,0,0,0,0,0,0,0,0,0,0,0
MSpapaaap:280,MSpapaaap,280,0,0,0,0,0,0,0,0,0,0,0
MSpapaap:244,MSpapaap,244,9039,-15961,-55,-65,9039,17.6,335,237,35,146174,35.3
MSpapaapa:275,MSpapaapa,275,0,0,0,0,0,0,0,0,0,0,0
MSpapaapaa:385,MSpapaapaa,385,0,0,0,0,0,0,0,0,0,0,0
MSpapaapap:385,MSpapaapap,385,0,0,0,0,0,0,0,0,0,0,0
MSpapaapp:275,MSpapaapp,275,0,0,0,0,0,0,0,0,0,0,0
MSpapap:182,MSpapap,182,9725,-15275,-29,-27,9725,38.1,393,253,37,324293,44.1
MSpapapa:240,MSpapapa,240,8865,-16135,-93,-99,8865,36.7,350,264,30,169496,43.5
MSpapapaa:355,MSpapapaa,355,0,0,0,0,0,0,0,0,0,0,0
MSpapapap:355,MSpapapap,355,0,0,0,0,0,0,0,0,0,0,0
MSpapapp:240,MSpapapp,240,8879,-16121,-99,-106,8879,28,380,254,35,167458,39.7
MSpapappa:290,MSpapappa,290,0,0,0,0,0,0,0,0,0,0,0
MSpapappp:290,MSpapappp,290,0,0,0,0,0,0,0,0,0,0,0
MSpapp:146,MSpapp,146,10014,-14986,511,519,10014,56.5,446,272,44,469605,52.1
MSpappa:193,MSpappa,193,9621,-15379,121,111,9621,47.1,398,233,36,354582,48
MSpappaa:270,MSpappaa,270,0,0,0,0,0,0,0,0,0,0,0
MSpappap:270,MSpappap,270,0,0,0,0,0,0,0,0,0,0,0
MSpappp:193,MSpappp,193,9642,-15358,-154,-30,9642,40.4,430,246,41,391894,45.1
MSpapppa:270,MSpapppa,270,0,0,0,0,0,0,0,0,0,0,0
MSpapppaa:345,MSpapppaa,345,0,0,0,0,0,0,0,0,0,0,0
MSpapppap:345,MSpapppap,345,0,0,0,0,0,0,0,0,0,0,0
MSpapppp:270,MSpapppp,270,0,0,0,0,0,0,0,0,0,0,0
MSpappppa:360,MSpappppa,360,0,0,0,0,0,0,0,0,0,0,0
MSpappppp:360,MSpappppp,360,0,0,0,0,0,0,0,0,0,0,0
MSpp:87,MSpp,87,11188,-13812,1610,1610,11188,54,418,253,55,910615,51
MSppa:115,MSppa,115,10239,-14761,878,879,10239,52.7,437,202,48,559926,50.4
MSppaa:150,MSppaa,150,9687,-15313,226,227,9687,28.1,346,190,41,368975,39.8
MSppaaa:190,MSppaaa,190,9523,-15477,64,62,9523,23.9,228,165,36,289239,38
MSppaaaa:240,MSppaaaa,240,8686,-16314,9,16,8686,23.5,184,182,29,138797,37.9
MSppaaaad:365,MSppaaaad,365,0,0,0,0,0,0,0,0,0,0,0
MSppaaaav:365,MSppaaaav,365,0,0,0,0,0,0,0,0,0,0,0
MSppaaap:240,MSppaaap,240,8631,-16369,-82,-81,8631,17.9,229,179,30,142256,35.4
MSppaap:190,MSppaap,190,9656,-15344,270,274,9656,23.3,280,164,35,284372,37.8
MSppaapa:260,MSppaapa,260,0,0,0,0,0,0,0,0,0,0,0
MSppaapp:260,MSppaapp,260,0,0,0,0,0,0,0,0,0,0,0
MSppap:150,MSppap,150,9646,-15354,150,172,9646,30.5,405,199,41,375259,40.9
MSppapa:180,MSppapa,180,9496,-15504,34,37,9496,10.7,317,150,36,242556,32.3
MSppapaa:240,MSppapaa,240,8877,-16123,90,84,8877,12.5,259,149,30,155506,33.1
MSppapaaa:440,MSppapaaa,440,0,0,0,0,0,0,0,0,0,0,0
MSppapaap:440,MSppapaap,440,0,0,0,0,0,0,0,0,0,0,0
MSppapap:240,MSppapap,240,8795,-16205,-22,-26,8795,5.9,303,154,31,148804,30.2
MSppapp:180,MSppapp,180,9267,-15733,-36,-37,9267,-2.1,347,150,36,210992,26.8
MSppappa:250,MSppappa,250,0,0,0,0,0,0,0,0,0,0,0
MSppappp:250,MSppappp,250,0,0,0,0,0,0,0,0,0,0,0
MSppp:115,MSppp,115,10321,-14679,928,931,10321,54.7,498,271,49,598093,51.3
MSpppa:150,MSpppa,150,9916,-15084,373,384,9916,41.2,443,209,42,426478,45.4
MSpppaa:195,MSpppaa,195,9421,-15579,58,54,9421,22.7,334,182,34,233978,37.4
MSpppaaa:263,MSpppaaa,263,0,0,0,0,0,0,0,0,0,0,0
MSpppaap:263,MSpppaap,263,0,0,0,0,0,0,0,0,0,0,0
MSpppap:195,MSpppap,195,9455,-15545,-27,0,9455,29.2,380,181,34,243714,40.3
MSpppapa:270,MSpppapa,270,0,0,0,0,0,0,0,0,0,0,0
MSpppapp:270,MSpppapp,270,0,0,0,0,0,0,0,0,0,0,0
MSpppp:150,MSpppp,150,9752,-15248,132,167,9752,32.1,480,216,42,409346,41.5
MSppppa:195,MSppppa,195,9308,-15692,-46,-22,9308,9.7,376,137,37,253234,31.9
MSppppaa:260,MSppppaa,260,0,0,0,0,0,0,0,0,0,0,0
MSppppap:260,MSppppap,260,0,0,0,0,0,0,0,0,0,0,0
MSppppp:195,MSppppp,195,9307,-15693,-110,-88,9307,-1.1,433,149,35,198992,27.3
MSpppppa:260,MSpppppa,260,0,0,0,0,0,0,0,0,0,0,0
MSpppppp:260,MSpppppp,260,0,0,0,0,0,0,0,0,0,0,0
E:40,E,40,9566,-15434,586,589,9566,18.3,476,376,69,1579476,35.6
Ea:63,Ea,63,10743,-14257,1283,1284,10743,31.1,398,356,65,1655988,41.1
Eal:107,Eal,107,9311,-15689,5,19,9311,27.2,393,313,56,921906,39.4
Eala:162,Eala,162,9524,-15476,-15,-15,9524,0.1,319,301,48,421291,27.7
Ealaa:236,Ealaa,236,8941,-16059,-51,-53,8941,-5.8,283,297,39,180402,25.2
Ealaad:360,Ealaad,360,0,0,0,0,0,0,0,0,0,0,0
Ealaav:360,Ealaav,360,0,0,0,0,0,0,0,0,0,0,0
Ealap:236,Ealap,236,8853,-16147,-120,-116,8853,-11.6,356,281,39,137911,22.7
Ealapa:550,Ealapa,550,0,0,0,0,0,0,0,0,0,0,0
Ealapp:550,Ealapp,550,0,0,0,0,0,0,0,0,0,0,0
Ealp:162,Ealp,162,9517,-15483,-42,-34,9517,3.3,388,322,45,394095,29.1
Ealpa:236,Ealpa,236,9070,-15930,61,64,9070,-0.1,349,315,38,182499,27.7
Ealpp:236,Ealpp,236,8928,-16072,-60,-60,8928,-5.6,408,306,38,136413,25.3
Ealppa:550,Ealppa,550,0,0,0,0,0,0,0,0,0,0,0
Ealppp:550,Ealppp,550,0,0,0,0,0,0,0,0,0,0,0
Ear:107,Ear,107,9240,-15760,26,27,9240,15.3,372,244,55,771597,34.3
Eara:162,Eara,162,9514,-15486,-5,-6,9514,-4.8,329,219,47,368454,25.6
Earaa:236,Earaa,236,8838,-16162,-45,-49,8838,-12.5,363,229,35,97811,22.3
Earaad:360,Earaad,360,0,0,0,0,0,0,0,0,0,0,0
Earaav:360,Earaav,360,0,0,0,0,0,0,0,0,0,0,0
Earap:236,Earap,236,8886,-16114,-31,-26,8886,-14.8,304,232,37,137963,21.4
Earapa:550,Earapa,550,0,0,0,0,0,0,0,0,0,0,0
Earapp:550,Earapp,550,0,0,0,0,0,0,0,0,0,0,0
Earp:162,Earp,162,9508,-15492,-21,-21,9508,3.4,394,234,46,374620,29.2
Earpa:236,Earpa,236,8875,-16125,-50,-65,8875,6.1,357,226,40,211318,30.3
Earpp:236,Earpp,236,8844,-16156,-59,-61,8844,-0.3,418,229,38,134037,27.6
Earppa:550,Earppa,550,0,0,0,0,0,0,0,0,0,0,0
Earppp:550,Earppp,550,0,0,0,0,0,0,0,0,0,0,0
Ep:63,Ep,63,10532,-14468,1112,1123,10532,9.6,504,346,65,1728349,31.8
Epl:109,Epl,109,9697,-15303,422,424,9697,5.7,473,338,57,828037,30.1
Epla:166,Epla,166,9573,-15427,21,24,9573,-12,441,308,47,330371,22.6
Eplaa:235,Eplaa,235,8848,-16152,-156,-154,8848,-21.7,421,273,33,73211,18.4
Eplaaa:550,Eplaaa,550,0,0,0,0,0,0,0,0,0,0,0
Eplaap:550,Eplaap,550,0,0,0,0,0,0,0,0,0,0,0
Eplap:235,Eplap,235,8947,-16053,-10,-5,8947,-19.2,477,292,37,112434,19.5
Eplapa:550,Eplapa,550,0,0,0,0,0,0,0,0,0,0,0
Eplapp:550,Eplapp,550,0,0,0,0,0,0,0,0,0,0,0
Eplp:166,Eplp,166,9614,-15386,-49,-35,9614,-5.7,524,296,46,364953,25.3
Eplpa:245,Eplpa,245,8795,-16205,-60,-60,8795,-24.9,520,290,39,130168,17.1
Eplpaa:550,Eplpaa,550,0,0,0,0,0,0,0,0,0,0,0
Eplpap:550,Eplpap,550,0,0,0,0,0,0,0,0,0,0,0
Eplpp:245,Eplpp,245,8970,-16030,-181,-153,8970,8.1,546,269,39,214106,31.2
Eplppa:370,Eplppa,370,0,0,0,0,0,0,0,0,0,0,0
Eplppaa:550,Eplppaa,550,0,0,0,0,0,0,0,0,0,0,0
Eplppap:550,Eplppap,550,0,0,0,0,0,0,0,0,0,0,0
Eplppp:370,Eplppp,370,0,0,0,0,0,0,0,0,0,0,0
Eplpppa:550,Eplpppa,550,0,0,0,0,0,0,0,0,0,0,0
Eplpppp:550,Eplpppp,550,0,0,0,0,0,0,0,0,0,0,0
Epr:109,Epr,109,9815,-15185,539,537,9815,12.2,496,249,55,785406,32.9
Epra:166,Epra,166,9609,-15391,86,90,9609,-2.5,445,204,48,379577,26.6
Epraa:235,Epraa,235,8780,-16220,-29,-35,8780,-17.7,396,193,36,104753,20.2
Epraaa:550,Epraaa,550,0,0,0,0,0,0,0,0,0,0,0
Epraap:550,Epraap,550,0,0,0,0,0,0,0,0,0,0,0
Eprap:235,Eprap,235,8889,-16111,22,33,8889,-18.7,456,215,38,123821,19.7
Eprapa:550,Eprapa,550,0,0,0,0,0,0,0,0,0,0,0
Eprapp:550,Eprapp,550,0,0,0,0,0,0,0,0,0,0,0
Eprp:166,Eprp,166,9553,-15447,13,19,9553,-6,533,226,50,431493,25.1
Eprpa:245,Eprpa,245,8720,-16280,-28,-23,8720,-22.7,486,227,37,114525,18
Eprpaa:550,Eprpaa,550,0,0,0,0,0,0,0,0,0,0,0
Eprpap:550,Eprpap,550,0,0,0,0,0,0,0,0,0,0,0
Eprpp:245,Eprpp,245,8637,-16363,-203,-220,8637,-0.6,547,241,36,170584,27.5
Eprppa:370,Eprppa,370,0,0,0,0,0,0,0,0,0,0,0
Eprppaa:550,Eprppaa,550,0,0,0,0,0,0,0,0,0,0,0
Eprppap:550,Eprppap,550,0,0,0,0,0,0,0,0,0,0,0
Eprppp:370,Eprppp,370,0,0,0,0,0,0,0,0,0,0,0
Eprpppa:550,Eprpppa,550,0,0,0,0,0,0,0,0,0,0,0
Eprpppp:550,Eprpppp,550,0,0,0,0,0,0,0,0,0,0,0
P2:17,P2,17,8753,-16247,222,222,8753,2,574,289,77,2266046,28.6
C:43,C,43,9235,-15765,283,283,9235,-15.5,514,239,68,1005608,21.1
Ca:67,Ca,67,9726,-15274,459,459,9726,-14,443,252,62,774888,21.7
Caa:97,Caa,97,9861,-15139,479,479,9861,-29.3,413,205,55,510507,15.1
Caaa:135,Caaa,135,9583,-15417,464,464,9583,-33.7,436,255,47,226827,13.2
Caaaa:163,Caaaa,163,10126,-14874,408,403,10126,-39.8,527,305,40,181697,10.6
Caaaaa:215,Caaaaa,215,9268,-15732,192,192,9268,-41.5,508,295,34,63307,9.9
Caaaap:215,Caaaap,215,9547,-15453,314,334,9547,-41.6,576,300,36,117904,9.8
Caaap:163,Caaap,163,10882,-14118,933,949,10882,-21.6,578,318,41,283964,18.5
Caaapa:220,Caaapa,220,10144,-14856,834,845,10144,-26.4,603,315,36,148541,16.4
Caaapp:220,Caaapp,220,10513,-14487,953,982,10513,-5.7,606,282,37,177215,25.3
Caap:135,Caap,135,9904,-15096,659,662,9904,-34.2,533,297,46,284190,13
Caapa:182,Caapa,182,11263,-13737,1296,1419,11263,2.8,606,280,38,364537,29
Caapaa:330,Caapaa,330,0,0,0,0,0,0,0,0,0,0,0
Caapap:330,Caapap,330,0,0,0,0,0,0,0,0,0,0,0
Caapp:182,Caapp,182,12013,-12987,1701,1812,12013,9.2,614,305,41,405687,31.7
Caappd:235,Caappd,235,10744,-14256,1241,1275,10744,18.7,607,301,37,202434,35.8
Caappv:235,Caappv,235,11078,-13922,1279,1554,11078,49.1,567,283,33,224365,48.8
Cap:97,Cap,97,9977,-15023,592,593,9977,-28.9,497,302,55,560193,15.3
Capa:135,Capa,135,11511,-13489,1927,1941,11511,-11.9,519,386,48,475490,22.6
Capaa:190,Capaa,190,13530,-11470,2554,2832,13530,31.9,522,311,40,404312,41.4
Capaaa:245,Capaaa,245,10419,-14581,759,804,10419,10.4,498,328,33,140705,32.2
Capaaaa:320,Capaaaa,320,0,0,0,0,0,0,0,0,0,0,0
Capaaap:320,Capaaap,320,0,0,0,0,0,0,0,0,0,0,0
Capaap:245,Capaap,245,12783,-12217,2556,2620,12783,33.9,532,294,30,164567,42.3
Capaapa:330,Capaapa,330,0,0,0,0,0,0,0,0,0,0,0
Capaapp:330,Capaapp,330,0,0,0,0,0,0,0,0,0,0,0
Capap:190,Capap,190,13672,-11328,2952,3077,13672,37.6,476,319,40,405556,43.9
Capapa:245,Capapa,245,11354,-13646,1922,1900,11354,16.5,445,352,37,211963,34.8
Capapaa:325,Capapaa,325,0,0,0,0,0,0,0,0,0,0,0
Capapap:325,Capapap,325,0,0,0,0,0,0,0,0,0,0,0
Capapp:245,Capapp,245,12148,-12852,2179,2292,12148,32.9,485,303,35,208219,41.9
Capappa:331,Capappa,331,0,0,0,0,0,0,0,0,0,0,0
Capappp:331,Capappp,331,0,0,0,0,0,0,0,0,0,0,0
Capp:135,Capp,135,11294,-13706,1738,1759,11294,-12.1,580,357,47,485672,22.5
Cappa:197,Cappa,197,12540,-12460,2317,2306,12540,8.3,553,346,40,363269,31.3
Cappaa:240,Cappaa,240,10637,-14363,1024,1076,10637,-2.3,501,347,33,152619,26.7
Cappaaa:310,Cappaaa,310,0,0,0,0,0,0,0,0,0,0,0
Cappaap:310,Cappaap,310,0,0,0,0,0,0,0,0,0,0,0
Cappap:240,Cappap,240,10935,-14065,1075,1160,10935,6.6,537,325,35,182888,30.5
Cappapa:320,Cappapa,320,0,0,0,0,0,0,0,0,0,0,0
Cappapp:320,Cappapp,320,0,0,0,0,0,0,0,0,0,0,0
Cappp:197,Cappp,197,13477,-11523,2524,2758,13477,26.7,568,303,38,344837,39.2
Capppa:240,Capppa,240,10853,-14147,1230,1269,10853,9.1,569,309,35,192487,31.6
Capppaa:320,Capppaa,320,0,0,0,0,0,0,0,0,0,0,0
Capppap:320,Capppap,320,0,0,0,0,0,0,0,0,0,0,0
Capppp:240,Capppp,240,11723,-13277,1577,1770,11723,34.6,560,281,34,204819,42.6
Cappppd:330,Cappppd,330,0,0,0,0,0,0,0,0,0,0,0
Cappppv:330,Cappppv,330,0,0,0,0,0,0,0,0,0,0,0
Cp:67,Cp,67,10641,-14359,1260,1260,10641,-2.1,559,221,63,1377213,26.8
Cpa:97,Cpa,97,10699,-14301,1209,1210,10699,-17.8,527,173,57,807380,20.1
Cpaa:135,Cpaa,135,9917,-15083,731,731,9917,-30.8,518,175,49,303316,14.5
Cpaaa:170,Cpaaa,170,9971,-15029,335,332,9971,-41.9,507,201,42,185042,9.7
Cpaaaa:220,Cpaaaa,220,9250,-15750,174,170,9250,-45.2,488,228,33,58971,8.3
Cpaaap:220,Cpaaap,220,9309,-15691,169,185,9309,-43.6,551,218,35,75740,9
Cpaap:170,Cpaap,170,10517,-14483,727,734,10517,-31.9,581,225,42,251371,14
Cpaapa:218,Cpaapa,218,9696,-15304,479,489,9696,-37.3,594,220,37,114233,11.7
Cpaapp:218,Cpaapp,218,10019,-14981,728,755,10019,-20.7,629,263,35,133091,18.8
Cpap:135,Cpap,135,10346,-14654,1012,1012,10346,-25.9,596,251,47,388804,16.6
Cpapa:180,Cpapa,180,11439,-13561,1404,1442,11439,-7.9,618,219,42,346814,24.3
Cpapaa:230,Cpapaa,230,10837,-14163,1211,1313,10837,12.5,616,249,36,172221,33.1
Cpapap:230,Cpapap,230,10350,-14650,1070,1070,10350,-9.4,621,207,37,152303,23.6
Cpapp:180,Cpapp,180,12187,-12813,2047,2099,12187,13.8,627,242,41,425658,33.7
Cpappd:235,Cpappd,235,11663,-13337,2083,2136,11663,18.7,613,213,34,172815,35.8
Cpappv:235,Cpappv,235,12441,-12559,2692,2841,12441,48.6,579,241,32,188196,48.7
Cpp:97,Cpp,97,10964,-14036,1456,1456,10964,-17.3,599,265,55,885883,20.3
Cppa:135,Cppa,135,12404,-12596,2781,2777,12404,16.3,610,235,48,586932,34.7
Cppaa:190,Cppaa,190,13846,-11154,3084,3321,13846,37.6,528,245,40,388152,43.9
Cppaaa:245,Cppaaa,245,10539,-14461,752,875,10539,26.2,479,193,31,129712,39
Cppaaaa:320,Cppaaaa,320,0,0,0,0,0,0,0,0,0,0,0
Cppaaap:320,Cppaaap,320,0,0,0,0,0,0,0,0,0,0,0
Cppaap:245,Cppaap,245,11372,-13628,1444,1458,11372,32.7,531,216,32,180555,41.8
Cppaapa:330,Cppaapa,330,0,0,0,0,0,0,0,0,0,0,0
Cppaapp:330,Cppaapp,330,0,0,0,0,0,0,0,0,0,0,0
Cppap:190,Cppap,190,13992,-11008,3345,3488,13992,42.9,486,236,41,394258,46.2
Cppapa:250,Cppapa,250,11143,-13857,1498,1514,11143,24.3,446,183,34,158972,38.2
Cppapaa:325,Cppapaa,325,0,0,0,0,0,0,0,0,0,0,0
Cppapap:325,Cppapap,325,0,0,0,0,0,0,0,0,0,0,0
Cppapp:250,Cppapp,250,12498,-12502,2644,2686,12498,34,482,244,35,208384,42.4
Cppappa:332,Cppappa,332,0,0,0,0,0,0,0,0,0,0,0
Cppappp:332,Cppappp,332,0,0,0,0,0,0,0,0,0,0,0
Cppp:135,Cppp,135,11643,-13357,1994,2009,11643,7.7,600,316,47,514855,31
Cpppa:190,Cpppa,190,12165,-12835,2011,2015,12165,21.7,564,196,40,331757,37.1
Cpppaa:240,Cpppaa,240,9843,-15157,627,658,9843,-9.7,498,174,35,140164,23.5
Cpppaaa:310,Cpppaaa,310,0,0,0,0,0,0,0,0,0,0,0
Cpppaap:310,Cpppaap,310,0,0,0,0,0,0,0,0,0,0,0
Cpppap:240,Cpppap,240,10270,-14730,723,768,10270,8.9,520,193,36,192259,31.5
Cpppapa:320,Cpppapa,320,0,0,0,0,0,0,0,0,0,0,0
Cpppapp:320,Cpppapp,320,0,0,0,0,0,0,0,0,0,0,0
Cpppp:190,Cpppp,190,12731,-12269,2160,2327,12731,30.2,577,248,39,362425,40.7
Cppppa:240,Cppppa,240,10426,-14574,885,1008,10426,8.5,548,191,31,139380,31.4
Cppppaa:320,Cppppaa,320,0,0,0,0,0,0,0,0,0,0,0
Cppppap:320,Cppppap,320,0,0,0,0,0,0,0,0,0,0,0
Cppppp:240,Cppppp,240,10868,-14132,1001,1150,10868,30.5,563,235,33,185615,40.8
Cpppppd:330,Cpppppd,330,0,0,0,0,0,0,0,0,0,0,0
Cpppppv:330,Cpppppv,330,0,0,0,0,0,0,0,0,0,0,0
P3:43,P3,43,9685,-15315,576,578,9685,-5.7,582,346,61,1370318,25.2
D:76,D,76,11009,-13991,1503,1505,11009,-2.3,602,319,57,1273628,26.7
Da:116,Da,116,11597,-13403,2163,2163,11597,10.1,541,388,49,631614,32.1
Daa:162,Daa,162,11872,-13128,1838,1845,11872,29.3,458,349,41,325070,40.3
Daaa:210,Daaa,210,10112,-14888,739,773,10112,3.8,399,378,34,105302,29.4
Daaaa:275,Daaaa,275,0,0,0,0,0,0,0,0,0,0,0
Daaap:275,Daaap,275,0,0,0,0,0,0,0,0,0,0,0
Daap:210,Daap,210,10133,-14867,539,596,10133,17,435,368,35,128863,35
Daapa:275,Daapa,275,0,0,0,0,0,0,0,0,0,0,0
Daapp:275,Daapp,275,0,0,0,0,0,0,0,0,0,0,0
Dap:162,Dap,162,11216,-13784,1283,1286,11216,15,518,333,43,277593,34.2
Dapa:200,Dapa,200,9876,-15124,360,377,9876,-5.6,447,364,35,97811,25.3
Dapaa:270,Dapaa,270,0,0,0,0,0,0,0,0,0,0,0
Dapap:270,Dapap,270,0,0,0,0,0,0,0,0,0,0,0
Dapp:200,Dapp,200,10104,-14896,361,408,10104,2.8,484,338,36,122541,28.9
Dappa:260,Dappa,260,0,0,0,0,0,0,0,0,0,0,0
Dappaa:342,Dappaa,342,0,0,0,0,0,0,0,0,0,0,0
Dappap:342,Dappap,342,0,0,0,0,0,0,0,0,0,0,0
Dappp:260,Dappp,260,0,0,0,0,0,0,0,0,0,0,0
Dapppa:360,Dapppa,360,0,0,0,0,0,0,0,0,0,0,0
Dapppp:360,Dapppp,360,0,0,0,0,0,0,0,0,0,0,0
Dp:116,Dp,116,12245,-12755,2716,2715,12245,32.5,574,294,50,703920,41.7
Dpa:162,Dpa,162,12599,-12401,2474,2469,12599,40.4,489,213,41,317649,45.1
Dpaa:209,Dpaa,209,10533,-14467,1095,1084,10533,14.5,400,148,34,110848,34
Dpaaa:273,Dpaaa,273,0,0,0,0,0,0,0,0,0,0,0
Dpaap:273,Dpaap,273,0,0,0,0,0,0,0,0,0,0,0
Dpap:209,Dpap,209,10455,-14545,844,869,10455,23.4,432,181,37,130617,37.8
Dpapa:275,Dpapa,275,0,0,0,0,0,0,0,0,0,0,0
Dpapp:275,Dpapp,275,0,0,0,0,0,0,0,0,0,0,0
Dpp:162,Dpp,162,11981,-13019,1835,1836,11981,27.2,544,262,42,310152,39.4
Dppa:200,Dppa,200,10144,-14856,609,623,10144,9.7,454,157,35,111698,31.9
Dppaa:265,Dppaa,265,0,0,0,0,0,0,0,0,0,0,0
Dppap:265,Dppap,265,0,0,0,0,0,0,0,0,0,0,0
Dppp:200,Dppp,200,10238,-14762,496,547,10238,9.5,500,200,37,114067,31.8
Dpppa:260,Dpppa,260,0,0,0,0,0,0,0,0,0,0,0
Dpppaa:340,Dpppaa,340,0,0,0,0,0,0,0,0,0,0,0
Dpppap:340,Dpppap,340,0,0,0,0,0,0,0,0,0,0,0
Dpppp:260,Dpppp,260,0,0,0,0,0,0,0,0,0,0,0
Dppppa:360,Dppppa,360,0,0,0,0,0,0,0,0,0,0,0
Dppppp:360,Dppppp,360,0,0,0,0,0,0,0,0,0,0,0
P4:76,P4,76,10949,-14051,1425,1432,10949,20.9,542,381,52,1159225,36.7
Z2:143,Z2,143,9764,-15236,194,221,9764,25.2,482,268,42,392582,38.6
Z3:143,Z3,143,9770,-15230,279,301,9770,29.1,425,309,42,438962,40.3
